hotel,is_canceled,lead_time,arrival_date_year,arrival_date_month,arrival_date_week_number,arrival_date_day_of_month,stays_in_weekend_nights,stays_in_week_nights,adults,children,babies,meal,country,market_segment,distribution_channel,is_repeated_guest,previous_cancellations,previous_bookings_not_canceled,reserved_room_type,assigned_room_type,booking_changes,deposit_type,agent,company,days_in_waiting_list,customer_type,adr,required_car_parking_spaces,total_of_special_requests,reservation_status,reservation_status_date
Resort Hotel,1,200,2016,December,51,17,6,12,2,0.0,0,BB,PRT,Online TA,TA/TO,0,0,0,A,A,0,No Deposit,314.0,,0,Transient,38.67,0,0,Canceled,2016-06-03
City Hotel,1,93,2016,January,1,2,2,5,2,0.0,0,BB,PRT,Online TA,TA/TO,0,1,0,D,D,0,No Deposit,9.0,,0,Contract,101.31,0,2,Canceled,2015-12-21
Resort Hotel,0,97,2017,June,24,12,1,1,2,1.0,0,BB,PRT,Corporate,Direct,1,0,4,A,A,1,No Deposit,,255.0,0,Transient,108.5,1,1,Check-Out,2017-06-14
Resort Hotel,0,160,2015,August,32,3,1,3,2,1.0,0,BB,PRT,Direct,Direct,0,0,0,E,F,0,No Deposit,,,0,Transient,137.75,0,2,Check-Out,2015-08-07
City Hotel,0,30,2016,March,10,4,0,2,2,0.0,0,BB,CHE,Online TA,TA/TO,0,0,0,D,D,1,No Deposit,9.0,,0,Transient-Party,116.3,0,1,Check-Out,2016-03-06
City Hotel,0,5,2015,September,37,8,0,4,2,0.0,0,SC,GBR,Offline TA/TO,TA/TO,0,0,0,A,A,0,No Deposit,13.0,,0,Contract,76.8,0,0,Check-Out,2015-09-12
City Hotel,1,372,2016,July,29,14,0,2,2,0.0,0,BB,PRT,Groups,TA/TO,0,0,0,A,A,0,Non Refund,1.0,,0,Transient,62.0,0,0,Canceled,2015-10-21
City Hotel,1,92,2015,November,46,10,0,4,2,0.0,0,BB,PRT,Online TA,TA/TO,0,0,0,A,A,1,No Deposit,9.0,,0,Transient,72.25,0,2,Canceled,2015-08-11
City Hotel,0,102,2016,June,27,27,1,3,2,2.0,0,BB,PRT,Online TA,TA/TO,0,0,0,F,F,0,Non Refund,9.0,,0,Transient-Party,173.95,0,2,Check-Out,2016-07-01
City Hotel,1,78,2016,August,33,7,1,0,2,0.0,0,BB,GBR,Online TA,TA/TO,0,0,0,A,A,0,No Deposit,9.0,,0,Transient,117.9,0,0,Canceled,2016-05-22
Resort Hotel,0,3,2016,April,17,23,0,1,2,0.0,0,BB,PRT,Offline TA/TO,TA/TO,0,0,0,A,A,0,No Deposit,330.0,,0,Transient-Party,68.85,0,0,Check-Out,2016-04-24
City Hotel,0,13,2016,July,30,19,0,2,1,0.0,0,BB,NLD,Online TA,TA/TO,0,0,0,A,A,0,No Deposit,7.0,,0,Transient,93.17,0,1,Check-Out,2016-07-21
City Hotel,0,256,2016,June,25,15,0,2,2,0.0,0,HB,DEU,Offline TA/TO,TA/TO,0,0,0,A,A,0,No Deposit,6.0,,0,Transient-Party,115.0,0,1,Check-Out,2016-06-17
Resort Hotel,0,57,2015,July,29,15,0,2,2,0.0,0,FB,PRT,Groups,Direct,0,0,0,A,C,0,No Deposit,305.0,,0,Transient-Party,107.0,0,0,Check-Out,2015-07-17
City Hotel,0,0,2015,August,32,7,0,2,2,0.0,1,SC,PRT,Online TA,TA/TO,0,0,0,A,A,0,No Deposit,9.0,,0,Contract,81.0,0,2,Check-Out,2015-08-09
City Hotel,0,1,2015,August,32,5,0,2,3,0.0,0,BB,DEU,Direct,Direct,0,0,0,A,D,0,No Deposit,,,0,Transient-Party,105.0,0,2,Check-Out,2015-08-07
Resort Hotel,0,30,2015,August,35,24,1,0,3,0.0,0,BB,PRT,Direct,Direct,0,0,0,A,H,0,No Deposit,250.0,,0,Transient,233.0,1,1,Check-Out,2015-08-25
City Hotel,0,53,2015,September,36,2,2,5,2,0.0,0,SC,NLD,Online TA,TA/TO,0,0,0,A,D,0,No Deposit,7.0,,0,Transient,66.53,0,2,Check-Out,2015-09-09
Resort Hotel,0,341,2016,September,36,3,2,5,2,0.0,0,HB,GBR,Offline TA/TO,TA/TO,0,0,0,A,B,2,No Deposit,40.0,,0,Contract,87.8,0,1,Check-Out,2016-09-10
City Hotel,0,0,2017,March,13,31,0,1,2,0.0,0,BB,PRT,Direct,Direct,0,0,0,F,F,0,No Deposit,14.0,,0,Transient,204.0,0,0,Check-Out,2017-04-01
City Hotel,0,25,2017,April,16,17,1,0,2,0.0,0,SC,BRA,Online TA,TA/TO,0,0,0,A,A,0,No Deposit,85.0,,0,Transient,91.2,0,0,Check-Out,2017-04-18
City Hotel,0,102,2017,July,30,23,2,2,3,0.0,0,BB,AUT,Online TA,TA/TO,0,0,0,D,D,0,No Deposit,85.0,,0,Transient,140.4,0,0,Check-Out,2017-07-27
Resort Hotel,0,15,2016,July,30,20,1,4,2,0.0,0,BB,GBR,Online TA,TA/TO,0,0,0,A,A,0,No Deposit,314.0,,0,Transient,144.8,0,1,Check-Out,2016-07-25
Resort Hotel,1,183,2017,May,18,5,2,2,1,0.0,0,BB,IRL,Online TA,TA/TO,0,0,0,A,E,3,Refundable,240.0,,0,Transient,76.0,0,1,Canceled,2017-05-03
City Hotel,0,43,2016,October,43,17,1,2,3,0.0,0,BB,DEU,Direct,Direct,0,0,0,D,D,0,No Deposit,14.0,,0,Transient,179.63,0,1,Check-Out,2016-10-20
City Hotel,1,150,2016,October,45,30,2,0,2,0.0,0,SC,BRA,Online TA,TA/TO,0,0,0,A,A,0,No Deposit,9.0,,0,Transient,80.1,0,0,Canceled,2016-07-24
City Hotel,0,11,2015,September,39,22,0,2,2,0.0,0,BB,DNK,Groups,TA/TO,0,0,0,A,D,0,No Deposit,74.0,,0,Transient-Party,98.0,0,0,Check-Out,2015-09-24
Resort Hotel,0,4,2017,February,6,10,1,2,2,0.0,0,BB,GBR,Online TA,TA/TO,0,0,0,A,A,0,No Deposit,467.0,,0,Transient,34.56,0,0,Check-Out,2017-02-13
City Hotel,0,4,2017,January,3,16,1,0,1,0.0,0,BB,PRT,Corporate,Corporate,1,1,8,A,A,0,No Deposit,,40.0,0,Transient,67.0,1,1,Check-Out,2017-01-17
Resort Hotel,1,2,2016,March,10,4,0,1,2,0.0,0,BB,PRT,Direct,Direct,0,0,0,F,F,0,No Deposit,,,0,Transient,75.0,0,1,No-Show,2016-03-04
Resort Hotel,0,386,2016,October,43,20,1,3,2,0.0,0,BB,GBR,Groups,Corporate,0,0,0,A,A,2,No Deposit,,,0,Transient-Party,49.0,0,0,Check-Out,2016-10-24
City Hotel,0,1,2016,November,48,25,0,1,2,2.0,0,BB,PRT,Online TA,TA/TO,0,0,0,F,G,0,No Deposit,9.0,,0,Transient,181.0,0,2,Check-Out,2016-11-26
Resort Hotel,0,136,2016,August,33,7,2,2,2,0.0,0,BB,PRT,Online TA,TA/TO,0,0,0,D,D,0,No Deposit,241.0,,0,Transient,165.23,0,1,Check-Out,2016-08-11
City Hotel,1,422,2017,June,24,13,0,1,2,0.0,0,BB,PRT,Groups,TA/TO,0,0,0,A,A,0,Non Refund,229.0,,0,Transient,90.0,0,0,Canceled,2017-05-05
City Hotel,0,53,2015,August,35,24,1,1,2,0.0,0,BB,ESP,Groups,TA/TO,0,0,0,A,A,0,No Deposit,1.0,,0,Transient-Party,62.0,0,0,Check-Out,2015-08-26
City Hotel,0,58,2016,June,26,22,0,2,1,0.0,0,BB,BRA,Online TA,TA/TO,0,0,0,A,A,0,No Deposit,9.0,,0,Transient,94.5,0,1,Check-Out,2016-06-24
Resort Hotel,1,18,2017,May,21,24,0,1,2,1.0,0,BB,PRT,Online TA,TA/TO,0,0,0,A,A,0,No Deposit,242.0,,0,Transient,119.16,0,3,Canceled,2017-05-13
Resort Hotel,1,38,2017,May,21,27,1,1,2,0.0,0,BB,ESP,Online TA,TA/TO,0,0,0,E,E,0,No Deposit,240.0,,0,Transient,120.0,0,1,Canceled,2017-04-19
City Hotel,0,102,2017,August,32,7,2,5,3,0.0,0,BB,GBR,Online TA,TA/TO,0,0,0,G,G,0,No Deposit,7.0,,0,Transient,201.4,0,2,Check-Out,2017-08-14
Resort Hotel,0,0,2017,July,28,9,1,0,1,0.0,0,BB,USA,Direct,Direct,0,0,0,G,G,0,No Deposit,,,0,Transient,160.0,0,0,Check-Out,2017-07-10
City Hotel,1,1,2016,February,10,28,2,1,1,0.0,0,BB,PRT,Offline TA/TO,TA/TO,0,0,0,A,A,0,No Deposit,134.0,,0,Transient-Party,60.0,0,0,Canceled,2016-02-27
City Hotel,0,368,2017,June,26,28,0,3,2,0.0,0,BB,GBR,Groups,TA/TO,0,0,0,A,A,0,No Deposit,229.0,,0,Transient-Party,112.67,0,1,Check-Out,2017-07-01
Resort Hotel,0,6,2016,May,22,23,1,0,1,0.0,0,BB,PRT,Corporate,Direct,1,0,4,A,H,0,No Deposit,,399.0,0,Transient,63.0,0,1,Check-Out,2016-05-24
Resort Hotel,0,11,2015,December,49,5,2,1,2,0.0,0,Undefined,ESP,Groups,TA/TO,0,0,0,A,A,0,No Deposit,350.0,,0,Transient-Party,68.0,0,0,Check-Out,2015-12-08
Resort Hotel,1,32,2016,July,30,22,1,2,2,0.0,0,BB,PRT,Online TA,TA/TO,0,0,0,E,E,0,No Deposit,240.0,,0,Transient,209.0,0,0,Canceled,2016-06-21
Resort Hotel,0,0,2016,July,30,18,1,0,3,2.0,0,BB,AUS,Direct,Direct,0,0,0,H,H,1,No Deposit,,,0,Transient,210.0,0,0,Check-Out,2016-07-19
City Hotel,0,40,2017,May,20,15,1,1,1,0.0,0,BB,ESP,Corporate,Corporate,1,0,3,A,A,0,No Deposit,,174.0,0,Transient,95.0,0,1,Check-Out,2017-05-17
City Hotel,1,116,2016,February,10,28,2,1,1,0.0,0,BB,PRT,Offline TA/TO,TA/TO,0,0,0,A,A,1,No Deposit,134.0,,0,Transient-Party,61.0,0,0,No-Show,2016-02-28
Resort Hotel,0,0,2016,December,51,14,0,0,1,0.0,0,BB,,Corporate,Corporate,0,0,1,A,A,0,No Deposit,,178.0,0,Transient,0.0,0,0,Check-Out,2016-12-14
Resort Hotel,0,1,2016,March,14,27,1,0,2,0.0,0,BB,ESP,Direct,Direct,0,0,0,A,D,0,No Deposit,,,0,Transient,54.0,1,0,Check-Out,2016-03-28
Resort Hotel,0,243,2016,October,41,6,2,3,2,0.0,0,BB,IRL,Groups,TA/TO,0,0,0,D,F,1,No Deposit,91.0,,0,Transient-Party,55.1,0,0,Check-Out,2016-10-11
City Hotel,0,414,2017,July,28,13,0,2,2,0.0,0,HB,DEU,Groups,TA/TO,0,0,0,A,A,0,No Deposit,6.0,,0,Transient-Party,122.4,0,1,Check-Out,2017-07-15
City Hotel,0,163,2016,October,41,5,0,3,1,0.0,0,BB,ESP,Offline TA/TO,TA/TO,0,0,0,A,A,0,No Deposit,83.0,,0,Transient,100.8,0,0,Check-Out,2016-10-08
City Hotel,0,88,2017,April,15,10,1,1,2,0.0,0,BB,PRT,Direct,Direct,0,0,0,A,A,0,No Deposit,14.0,,0,Transient,99.0,0,1,Check-Out,2017-04-12
City Hotel,1,29,2016,October,45,31,1,4,2,0.0,0,BB,ITA,Online TA,TA/TO,0,0,0,A,A,0,No Deposit,9.0,,0,Transient,114.4,0,2,Canceled,2016-10-10
City Hotel,0,113,2017,August,32,6,2,3,1,1.0,0,BB,ESP,Direct,Direct,0,0,0,B,A,0,No Deposit,14.0,,0,Transient-Party,112.4,0,0,Check-Out,2017-08-11
City Hotel,0,65,2016,November,47,13,2,5,2,0.0,0,SC,DEU,Online TA,TA/TO,0,0,0,A,A,0,No Deposit,9.0,,0,Transient,88.0,0,1,Check-Out,2016-11-20
Resort Hotel,0,179,2016,August,33,12,2,6,2,0.0,0,BB,ITA,Online TA,TA/TO,0,0,0,A,A,0,No Deposit,240.0,,0,Transient,174.0,0,1,Check-Out,2016-08-20
City Hotel,1,179,2017,May,20,15,1,2,2,0.0,0,BB,PRT,Offline TA/TO,TA/TO,0,0,0,A,A,0,Non Refund,58.0,,0,Transient,96.4,0,0,Canceled,2016-11-17
City Hotel,0,37,2015,October,43,23,0,1,2,0.0,0,BB,PRT,Offline TA/TO,TA/TO,0,0,0,A,A,0,No Deposit,2.0,,0,Transient,76.5,0,0,Check-Out,2015-10-24
City Hotel,0,18,2016,July,30,17,2,1,2,0.0,0,BB,PRT,Offline TA/TO,TA/TO,0,0,0,A,A,0,No Deposit,138.0,,0,Transient,85.0,0,0,Check-Out,2016-07-20
Resort Hotel,0,25,2017,August,32,6,1,0,2,1.0,0,BB,GBR,Online TA,TA/TO,0,0,0,D,D,0,No Deposit,241.0,,0,Transient,224.9,1,1,Check-Out,2017-08-07
Resort Hotel,1,29,2015,July,31,29,1,4,2,0.0,0,BB,PRT,Online TA,TA/TO,0,0,0,D,D,0,No Deposit,240.0,,0,Transient,165.4,0,1,Canceled,2015-07-02
Resort Hotel,0,1,2016,April,17,20,0,1,1,0.0,0,BB,PRT,Direct,Direct,0,0,0,A,D,0,No Deposit,64.0,,0,Transient,50.0,1,0,Check-Out,2016-04-21
City Hotel,0,234,2017,August,34,26,2,1,2,0.0,0,BB,ESP,Direct,Direct,0,0,0,B,B,1,No Deposit,14.0,,0,Transient,123.05,1,0,Check-Out,2017-08-29
Resort Hotel,0,6,2016,March,14,30,0,1,2,0.0,0,BB,PRT,Corporate,Corporate,0,0,0,A,E,0,No Deposit,,178.0,0,Transient,50.0,0,0,Check-Out,2016-03-31
Resort Hotel,0,4,2016,December,51,16,0,2,2,0.0,0,BB,ESP,Online TA,TA/TO,0,0,0,D,D,0,No Deposit,240.0,,0,Transient-Party,62.0,1,1,Check-Out,2016-12-18
City Hotel,0,135,2017,May,22,29,1,2,2,1.0,0,BB,GBR,Online TA,TA/TO,0,0,0,D,D,0,No Deposit,7.0,,0,Transient,133.06,0,1,Check-Out,2017-06-01
City Hotel,0,11,2016,December,53,30,0,2,2,0.0,0,SC,PRT,Online TA,TA/TO,0,0,0,A,A,0,No Deposit,9.0,,0,Transient,120.0,0,1,Check-Out,2017-01-01
City Hotel,1,101,2017,February,5,3,0,2,2,0.0,0,BB,DEU,Online TA,TA/TO,0,0,0,A,A,0,No Deposit,9.0,,0,Transient,93.6,0,2,Canceled,2016-12-12
City Hotel,1,97,2016,March,11,12,1,1,2,0.0,0,BB,FRA,Online TA,TA/TO,0,0,0,A,A,0,No Deposit,9.0,,0,Transient,78.3,0,0,Canceled,2016-02-22
City Hotel,0,0,2016,January,2,4,1,0,2,0.0,0,BB,PRT,Direct,Direct,0,0,0,A,A,0,No Deposit,,,0,Transient,82.0,0,0,Check-Out,2016-01-05
Resort Hotel,0,23,2015,August,35,23,4,7,3,0.0,0,BB,RUS,Online TA,TA/TO,0,0,0,F,F,0,No Deposit,242.0,,0,Transient,218.3,0,1,Check-Out,2015-09-03
City Hotel,0,33,2016,October,41,6,0,1,2,0.0,0,SC,FRA,Online TA,TA/TO,0,0,0,A,A,0,No Deposit,9.0,,0,Transient,126.0,0,1,Check-Out,2016-10-07
City Hotel,0,54,2016,October,43,16,2,2,1,0.0,0,BB,PRT,Offline TA/TO,TA/TO,0,0,0,A,A,2,No Deposit,21.0,,0,Transient-Party,66.5,0,0,Check-Out,2016-10-20
City Hotel,1,78,2016,December,52,22,2,5,2,0.0,0,BB,PRT,Online TA,TA/TO,0,0,0,D,D,0,No Deposit,7.0,,0,Transient,70.88,0,1,Canceled,2016-12-13
City Hotel,1,98,2017,March,10,10,1,2,1,0.0,0,BB,DNK,Online TA,TA/TO,0,0,0,A,A,2,No Deposit,9.0,,0,Transient,90.0,0,2,Canceled,2016-12-27
City Hotel,0,222,2016,October,42,12,0,4,2,0.0,0,BB,ROU,Offline TA/TO,TA/TO,0,0,0,A,A,0,No Deposit,85.0,,0,Transient,80.75,0,1,Check-Out,2016-10-16
City Hotel,0,3,2016,July,28,8,0,1,2,0.0,0,BB,PRT,Direct,Direct,0,0,0,A,D,0,No Deposit,14.0,,0,Transient,118.15,0,0,Check-Out,2016-07-09
City Hotel,0,0,2016,November,48,26,2,3,2,0.0,0,BB,USA,Direct,Direct,0,0,0,F,F,1,No Deposit,,,0,Transient,169.75,0,0,Check-Out,2016-12-01
Resort Hotel,0,15,2015,November,48,27,0,2,2,0.0,1,HB,PRT,Corporate,Direct,0,0,0,D,D,2,No Deposit,,346.0,0,Transient,60.0,0,1,Check-Out,2015-11-29
City Hotel,1,158,2017,August,35,27,2,3,3,0.0,0,BB,DEU,Online TA,TA/TO,0,0,0,E,E,0,No Deposit,9.0,,0,Transient,202.5,0,0,Canceled,2017-04-08
City Hotel,0,105,2017,April,18,30,2,1,2,0.0,0,BB,FRA,Online TA,TA/TO,0,0,0,A,A,0,No Deposit,9.0,,0,Transient,123.0,0,3,Check-Out,2017-05-03
Resort Hotel,0,197,2016,April,18,30,1,1,1,0.0,0,HB,DEU,Groups,TA/TO,0,0,0,A,A,1,No Deposit,298.0,,0,Transient-Party,54.5,0,0,Check-Out,2016-05-02
Resort Hotel,1,197,2016,September,39,21,2,5,2,0.0,0,BB,PRT,Groups,TA/TO,0,0,0,D,D,0,Non Refund,253.0,,0,Transient,66.6,0,0,Canceled,2016-03-31
City Hotel,0,114,2017,February,7,15,0,4,2,0.0,0,BB,ESP,Groups,TA/TO,0,0,0,A,A,0,No Deposit,,242.0,0,Transient-Party,78.0,0,0,Check-Out,2017-02-19
Resort Hotel,0,304,2016,September,37,5,3,5,2,0.0,1,BB,PRT,Online TA,TA/TO,0,0,0,A,A,1,No Deposit,240.0,,0,Transient,81.0,0,2,Check-Out,2016-09-13
Resort Hotel,0,11,2016,December,53,27,0,1,2,0.0,0,HB,PRT,Online TA,Direct,1,0,1,D,D,0,No Deposit,240.0,,0,Group,103.0,0,2,Check-Out,2016-12-28
Resort Hotel,1,364,2016,September,37,5,3,7,2,0.0,0,FB,PRT,Offline TA/TO,TA/TO,0,0,0,D,E,1,No Deposit,40.0,,0,Contract,94.0,0,0,Canceled,2016-08-26
City Hotel,0,2,2016,May,23,31,0,4,2,0.0,0,BB,GBR,Online TA,TA/TO,0,0,0,A,A,0,No Deposit,9.0,,0,Transient,118.76,0,0,Check-Out,2016-06-04
City Hotel,1,300,2015,August,33,13,0,2,2,0.0,0,BB,PRT,Groups,TA/TO,0,1,0,A,A,0,Non Refund,1.0,,0,Contract,62.0,0,0,Canceled,2015-01-01
Resort Hotel,0,175,2017,May,21,27,0,1,2,0.0,0,BB,ITA,Online TA,TA/TO,0,0,0,D,D,0,No Deposit,240.0,,0,Transient,100.0,0,3,Check-Out,2017-05-28
Resort Hotel,0,22,2017,June,25,18,2,0,2,0.0,0,BB,PRT,Online TA,TA/TO,0,0,0,A,A,0,No Deposit,240.0,,0,Transient,130.0,0,1,Check-Out,2017-06-20
City Hotel,0,232,2016,December,49,1,0,3,2,0.0,0,BB,GBR,Online TA,TA/TO,0,0,0,D,D,0,No Deposit,9.0,,0,Transient,91.8,0,2,Check-Out,2016-12-04
Resort Hotel,0,48,2017,March,12,23,2,5,2,0.0,0,Undefined,FRA,Offline TA/TO,TA/TO,0,0,0,C,C,0,No Deposit,464.0,,0,Transient-Party,70.0,1,1,Check-Out,2017-03-30
City Hotel,0,7,2015,September,39,22,0,2,2,0.0,0,BB,ESP,Online TA,TA/TO,0,0,0,A,A,0,No Deposit,9.0,,0,Contract,126.0,0,2,Check-Out,2015-09-24
City Hotel,1,18,2016,February,9,22,1,5,1,0.0,0,BB,PRT,Offline TA/TO,TA/TO,0,0,0,A,A,0,No Deposit,27.0,,0,Transient,47.67,0,0,No-Show,2016-02-22
City Hotel,0,115,2016,August,35,22,2,5,2,0.0,0,BB,DEU,Offline TA/TO,TA/TO,0,0,0,D,D,0,No Deposit,27.0,,0,Transient,82.45,0,0,Check-Out,2016-08-29
City Hotel,0,49,2016,November,47,13,2,3,2,0.0,0,SC,FRA,Online TA,TA/TO,0,0,0,A,A,0,No Deposit,9.0,,0,Transient,74.8,0,2,Check-Out,2016-11-18
Resort Hotel,0,131,2017,April,14,8,0,1,2,0.0,0,BB,SWE,Direct,Direct,1,0,1,A,A,0,No Deposit,,,0,Transient,60.0,0,0,Check-Out,2017-04-09
City Hotel,0,25,2016,October,43,18,0,3,2,0.0,0,BB,FRA,Offline TA/TO,TA/TO,0,0,0,A,D,0,No Deposit,28.0,,0,Transient,85.0,0,1,Check-Out,2016-10-21
City Hotel,1,57,2017,May,18,6,2,3,2,0.0,0,BB,FRA,Online TA,TA/TO,0,0,0,A,A,0,No Deposit,9.0,,0,Transient,144.0,0,0,Canceled,2017-04-29
City Hotel,0,307,2016,August,34,14,2,3,2,1.0,0,BB,BEL,Online TA,TA/TO,0,0,0,F,F,1,No Deposit,9.0,,0,Contract,158.4,0,1,Check-Out,2016-08-19
City Hotel,1,99,2016,February,8,19,0,1,2,0.0,0,BB,PRT,Corporate,Corporate,0,1,0,A,A,0,No Deposit,,67.0,0,Transient-Party,80.0,0,0,Canceled,2015-12-22
City Hotel,0,2,2016,August,32,3,0,2,1,0.0,0,BB,ESP,Corporate,Corporate,0,0,0,D,A,0,No Deposit,280.0,,0,Transient,94.0,0,0,Check-Out,2016-08-05
Resort Hotel,0,59,2015,July,29,16,2,3,2,0.0,0,HB,ESP,Online TA,TA/TO,0,0,0,A,A,0,No Deposit,240.0,,0,Transient,147.0,0,0,Check-Out,2015-07-21
Resort Hotel,1,19,2017,August,33,18,0,2,2,0.0,0,HB,ESP,Online TA,TA/TO,0,0,0,A,A,0,No Deposit,240.0,,0,Transient,262.0,0,0,Canceled,2017-07-30
City Hotel,0,142,2016,April,18,29,0,2,2,0.0,0,BB,ITA,Groups,TA/TO,0,0,0,A,A,0,No Deposit,1.0,,0,Transient-Party,65.0,0,1,Check-Out,2016-05-01
City Hotel,0,137,2017,March,10,6,1,1,2,0.0,0,BB,ISR,Groups,TA/TO,0,0,0,A,A,0,No Deposit,37.0,,0,Transient-Party,80.0,0,1,Check-Out,2017-03-08
City Hotel,1,272,2015,July,29,16,0,2,2,0.0,0,BB,PRT,Groups,TA/TO,0,1,0,A,A,0,No Deposit,1.0,,0,Contract,62.0,0,0,Canceled,2015-01-01
City Hotel,0,7,2015,August,34,17,1,3,2,0.0,0,BB,PRT,Direct,Direct,0,0,0,A,A,0,No Deposit,14.0,,0,Transient,75.0,0,0,Check-Out,2015-08-21
City Hotel,0,68,2017,March,11,15,0,2,1,0.0,0,BB,PRT,Direct,Direct,0,0,0,A,A,0,No Deposit,,,0,Transient,74.0,1,0,Check-Out,2017-03-17
Resort Hotel,1,2,2017,January,1,6,2,3,1,0.0,0,BB,NGA,Online TA,TA/TO,0,0,0,A,A,0,No Deposit,240.0,,0,Transient,43.0,0,1,No-Show,2017-01-06
City Hotel,0,56,2016,May,20,13,1,2,2,0.0,0,SC,PRT,Online TA,TA/TO,0,0,0,A,A,0,No Deposit,9.0,,0,Transient,116.1,0,1,Check-Out,2016-05-16
Resort Hotel,1,20,2016,August,34,15,1,4,2,0.0,0,BB,ESP,Online TA,TA/TO,0,0,0,E,E,0,No Deposit,240.0,,0,Transient,256.0,0,0,Canceled,2016-08-01
City Hotel,0,99,2017,August,34,21,1,2,2,1.0,0,BB,FRA,Online TA,TA/TO,0,0,0,G,G,0,No Deposit,7.0,,0,Transient,225.48,0,2,Check-Out,2017-08-24
City Hotel,0,37,2016,April,17,23,1,1,2,0.0,0,SC,USA,Online TA,TA/TO,0,0,0,A,A,1,No Deposit,9.0,,0,Transient,94.5,0,0,Check-Out,2016-04-25
City Hotel,0,18,2015,September,40,27,1,0,1,0.0,0,BB,ITA,Groups,TA/TO,0,0,0,A,A,3,No Deposit,1.0,,0,Transient-Party,170.0,0,0,Check-Out,2015-09-28
Resort Hotel,1,62,2016,August,35,24,0,4,2,0.0,0,BB,ESP,Online TA,TA/TO,0,0,0,A,A,0,No Deposit,240.0,,0,Transient,189.0,0,0,Canceled,2016-06-24
Resort Hotel,0,83,2017,May,20,17,1,4,1,0.0,0,HB,PRT,Offline TA/TO,TA/TO,0,0,0,D,D,1,No Deposit,6.0,,0,Transient,74.0,0,1,Check-Out,2017-05-22
Resort Hotel,0,335,2017,July,30,24,3,6,2,0.0,0,HB,GBR,Offline TA/TO,TA/TO,0,0,0,A,A,0,No Deposit,40.0,,0,Contract,134.85,0,1,Check-Out,2017-08-02
Resort Hotel,0,4,2017,May,19,8,1,0,1,0.0,0,BB,PRT,Corporate,Corporate,0,0,5,A,D,0,No Deposit,,62.0,0,Transient,45.0,0,0,Check-Out,2017-05-09
City Hotel,1,15,2017,February,7,17,0,2,2,0.0,0,BB,PRT,Offline TA/TO,TA/TO,0,0,0,A,A,0,Non Refund,19.0,,0,Transient,95.0,0,0,Canceled,2017-02-02
City Hotel,0,47,2016,January,5,30,2,2,2,0.0,0,BB,BEL,Online TA,TA/TO,0,0,0,A,A,0,No Deposit,11.0,,0,Transient,55.24,0,0,Check-Out,2016-02-03
Resort Hotel,0,36,2015,December,53,27,2,0,2,0.0,0,HB,ESP,Offline TA/TO,TA/TO,0,0,0,A,D,0,No Deposit,6.0,,0,Transient,49.4,0,0,Check-Out,2015-12-29
Resort Hotel,0,61,2016,December,52,22,2,5,1,0.0,0,Undefined,FRA,Offline TA/TO,TA/TO,0,0,0,A,A,0,No Deposit,464.0,,0,Transient,77.14,0,0,Check-Out,2016-12-29
Resort Hotel,0,0,2015,November,47,17,0,4,1,0.0,0,HB,PRT,Corporate,Corporate,0,0,0,A,D,0,No Deposit,,20.0,0,Transient-Party,42.0,0,0,Check-Out,2015-11-21
City Hotel,0,327,2015,September,37,9,2,4,2,0.0,0,HB,PRT,Offline TA/TO,TA/TO,0,0,0,A,A,0,No Deposit,21.0,,0,Transient-Party,88.0,0,0,Check-Out,2015-09-15
Resort Hotel,0,72,2016,September,37,9,2,5,2,0.0,0,HB,LTU,Offline TA/TO,TA/TO,0,0,0,E,E,0,No Deposit,171.0,,0,Transient,112.0,0,1,Check-Out,2016-09-16
City Hotel,1,28,2016,October,41,4,0,5,2,0.0,0,BB,BEL,Online TA,TA/TO,0,0,0,D,D,0,No Deposit,9.0,,0,Transient,160.3,0,2,Canceled,2016-09-26
Resort Hotel,0,0,2016,July,32,31,2,0,1,0.0,0,BB,IRL,Direct,Direct,0,0,0,F,F,1,No Deposit,,,0,Transient,221.5,0,0,Check-Out,2016-08-02
City Hotel,0,9,2015,August,35,23,2,4,2,0.0,0,BB,FRA,Online TA,TA/TO,0,0,0,A,A,0,No Deposit,9.0,,0,Contract,90.0,0,2,Check-Out,2015-08-29
Resort Hotel,0,5,2016,October,41,4,0,2,2,0.0,0,BB,GBR,Online TA,TA/TO,0,0,0,E,E,0,No Deposit,240.0,,0,Transient,131.0,1,1,Check-Out,2016-10-06
City Hotel,0,78,2017,April,16,17,1,3,2,1.0,0,HB,ITA,Online TA,TA/TO,0,0,0,E,E,1,No Deposit,9.0,,0,Transient,198.0,0,2,Check-Out,2017-04-21
City Hotel,0,181,2016,August,34,16,0,3,2,0.0,0,SC,ESP,Online TA,TA/TO,0,0,0,A,A,0,No Deposit,9.0,,0,Transient,94.5,0,1,Check-Out,2016-08-19
City Hotel,0,32,2017,August,33,18,0,2,2,0.0,0,BB,AUT,Online TA,TA/TO,0,0,0,A,A,0,No Deposit,9.0,,0,Transient,180.0,0,1,Check-Out,2017-08-20
City Hotel,1,69,2016,June,25,12,2,4,1,0.0,0,BB,PRT,Offline TA/TO,TA/TO,0,0,0,A,A,0,Non Refund,236.0,,0,Transient,120.0,0,0,Canceled,2016-04-27
City Hotel,1,191,2016,August,35,22,1,2,3,0.0,0,BB,BEL,Online TA,TA/TO,0,0,0,D,D,0,No Deposit,9.0,,0,Transient,137.7,0,0,Canceled,2016-02-20
Resort Hotel,0,176,2016,August,34,20,2,3,2,1.0,0,BB,,Offline TA/TO,TA/TO,0,0,0,D,D,0,No Deposit,196.0,,0,Transient,143.0,0,1,Check-Out,2016-08-25
City Hotel,1,42,2015,October,41,6,0,1,2,0.0,0,BB,PRT,Online TA,TA/TO,0,0,0,A,A,1,No Deposit,8.0,,0,Transient,86.4,0,1,Canceled,2015-10-02
City Hotel,0,122,2016,April,16,15,0,2,2,0.0,0,BB,PRT,Offline TA/TO,TA/TO,0,0,0,A,A,2,No Deposit,151.0,,56,Transient,40.5,0,0,Check-Out,2016-04-17
Resort Hotel,0,158,2015,July,28,6,2,5,2,0.0,0,BB,ESP,Online TA,TA/TO,0,0,0,A,A,0,No Deposit,240.0,,0,Transient,110.7,0,1,Check-Out,2015-07-13
City Hotel,1,184,2017,May,22,28,2,3,2,0.0,0,BB,PRT,Groups,TA/TO,0,0,0,A,A,0,Non Refund,19.0,,0,Transient,130.0,0,0,Canceled,2016-11-25
City Hotel,1,240,2017,May,21,23,0,4,2,0.0,0,SC,CN,Online TA,TA/TO,0,0,0,A,A,0,No Deposit,9.0,,0,Transient,107.1,0,2,Canceled,2017-05-14
City Hotel,0,9,2016,March,10,1,0,3,1,0.0,0,BB,DNK,Online TA,TA/TO,0,0,0,A,A,0,No Deposit,7.0,,0,Transient,71.84,0,1,Check-Out,2016-03-04
City Hotel,1,308,2016,November,48,23,0,3,1,0.0,0,BB,NOR,Online TA,TA/TO,0,0,0,A,A,0,No Deposit,9.0,,0,Transient-Party,78.3,0,2,Canceled,2016-08-31
City Hotel,0,133,2016,June,26,19,2,1,2,0.0,0,BB,ITA,Online TA,TA/TO,0,0,0,A,A,0,No Deposit,9.0,,0,Transient,120.0,0,1,Check-Out,2016-06-22
City Hotel,1,105,2016,April,15,6,0,1,2,0.0,0,BB,PRT,Offline TA/TO,TA/TO,0,0,0,A,A,0,Non Refund,12.0,,0,Transient,75.0,0,0,Canceled,2016-01-18
Resort Hotel,0,11,2017,January,2,12,1,3,2,0.0,0,BB,PRT,Online TA,TA/TO,0,0,0,D,D,0,No Deposit,240.0,,0,Transient,58.0,0,0,Check-Out,2017-01-16
City Hotel,0,69,2015,September,37,9,0,2,2,0.0,0,BB,PRT,Groups,TA/TO,0,0,0,A,A,0,No Deposit,1.0,,0,Transient-Party,62.0,0,0,Check-Out,2015-09-11
City Hotel,0,74,2015,September,38,18,0,2,2,0.0,0,HB,PRT,Offline TA/TO,TA/TO,0,0,0,A,A,0,No Deposit,6.0,,0,Transient-Party,109.0,0,2,Check-Out,2015-09-20
City Hotel,0,32,2016,April,18,27,0,1,2,1.0,0,HB,PRT,Online TA,TA/TO,0,0,0,A,B,0,No Deposit,9.0,,0,Transient,165.15,0,0,Check-Out,2016-04-28
City Hotel,1,99,2017,June,25,19,1,2,2,0.0,0,SC,IRL,Online TA,TA/TO,0,0,0,A,A,2,No Deposit,9.0,,0,Transient,130.67,0,0,Canceled,2017-03-12
City Hotel,0,141,2017,June,24,15,0,3,2,0.0,0,BB,CHE,Online TA,TA/TO,0,0,0,A,A,0,No Deposit,8.0,,0,Transient-Party,126.0,0,0,Check-Out,2017-06-18
City Hotel,0,2,2016,January,5,25,1,0,1,0.0,0,BB,PRT,Direct,Direct,0,0,0,A,A,0,No Deposit,,72.0,0,Transient,41.0,0,0,Check-Out,2016-01-26
City Hotel,0,0,2015,September,37,8,0,1,1,0.0,0,BB,PRT,Complementary,Direct,0,0,0,A,D,0,No Deposit,,,0,Transient,0.0,0,0,Check-Out,2015-09-09
Resort Hotel,1,211,2015,August,35,27,0,3,2,0.0,0,BB,PRT,Online TA,TA/TO,0,1,0,A,A,0,No Deposit,240.0,,0,Transient,134.0,0,0,Canceled,2015-02-06
City Hotel,0,40,2016,November,47,18,1,2,2,0.0,0,SC,FRA,Online TA,TA/TO,0,0,0,A,A,0,No Deposit,7.0,,0,Transient,67.76,0,1,Check-Out,2016-11-21
Resort Hotel,0,47,2017,July,28,11,0,1,2,0.0,0,BB,ESP,Online TA,TA/TO,0,0,0,A,I,2,No Deposit,240.0,,0,Transient,160.0,0,0,Check-Out,2017-07-12
City Hotel,0,0,2015,August,32,5,0,1,2,0.0,0,BB,FRA,Direct,Direct,0,0,0,A,A,0,No Deposit,,,0,Transient,75.0,0,0,Check-Out,2015-08-06
Resort Hotel,0,92,2015,September,36,3,2,7,2,0.0,0,BB,ESP,Online TA,TA/TO,0,0,0,E,E,0,No Deposit,240.0,,0,Transient,123.0,1,0,Check-Out,2015-09-12
City Hotel,1,422,2017,June,24,13,0,1,2,0.0,0,BB,PRT,Groups,TA/TO,0,0,0,A,A,0,Non Refund,229.0,,0,Transient,90.0,0,0,Canceled,2017-05-05
Resort Hotel,0,15,2017,August,31,4,1,2,2,0.0,0,BB,AUS,Direct,Direct,0,0,0,A,A,0,No Deposit,250.0,,0,Transient,207.33,0,1,Check-Out,2017-08-07
City Hotel,1,367,2015,October,43,19,1,1,2,0.0,0,BB,PRT,Groups,TA/TO,0,1,0,A,A,0,Non Refund,1.0,,0,Contract,62.0,0,0,Canceled,2015-01-01
Resort Hotel,1,79,2015,August,34,17,2,5,1,0.0,0,HB,PRT,Offline TA/TO,TA/TO,0,0,0,A,A,0,No Deposit,134.0,,0,Transient,120.0,0,0,Canceled,2015-07-27
Resort Hotel,1,104,2017,April,16,16,2,5,2,0.0,0,BB,FRA,Online TA,TA/TO,0,0,0,D,D,0,No Deposit,240.0,,0,Transient,75.0,0,1,Canceled,2017-01-27
Resort Hotel,0,92,2015,August,35,23,2,1,2,0.0,0,HB,ESP,Online TA,TA/TO,0,0,0,A,A,1,No Deposit,240.0,,0,Transient,149.4,0,1,Check-Out,2015-08-26
City Hotel,0,9,2017,May,20,19,0,1,2,0.0,0,BB,PRT,Online TA,TA/TO,0,0,0,A,A,0,No Deposit,9.0,,0,Transient,160.0,0,2,Check-Out,2017-05-20
Resort Hotel,0,171,2016,September,37,5,1,4,2,0.0,0,BB,PRT,Online TA,TA/TO,0,0,0,D,E,0,No Deposit,240.0,,0,Transient,168.0,1,1,Check-Out,2016-09-10
City Hotel,1,295,2016,April,18,28,0,2,2,0.0,0,BB,PRT,Groups,TA/TO,0,0,0,A,A,0,Non Refund,1.0,,0,Transient,62.0,0,0,Canceled,2015-10-21
Resort Hotel,0,131,2017,July,27,6,2,4,2,2.0,0,BB,RUS,Online TA,TA/TO,0,0,0,G,G,0,No Deposit,240.0,,0,Transient,223.33,0,0,Check-Out,2017-07-12
Resort Hotel,0,86,2017,June,26,30,0,1,2,0.0,0,BB,PRT,Corporate,TA/TO,0,0,0,A,A,2,No Deposit,,525.0,0,Transient-Party,134.0,1,0,Check-Out,2017-07-01
City Hotel,1,206,2016,August,32,2,4,10,2,0.0,0,BB,GBR,Online TA,TA/TO,0,0,0,A,A,0,No Deposit,9.0,,0,Transient,90.95,0,0,Canceled,2016-02-07
Resort Hotel,1,208,2016,August,32,2,4,12,2,0.0,0,HB,PRT,Offline TA/TO,TA/TO,0,0,0,E,E,0,No Deposit,156.0,,0,Transient,141.1,0,0,Canceled,2016-01-11
Resort Hotel,0,0,2016,February,9,26,0,1,2,0.0,0,BB,CHE,Direct,Direct,0,0,0,E,A,0,No Deposit,,,0,Transient,50.0,0,0,Check-Out,2016-02-27
Resort Hotel,0,27,2016,June,25,12,2,1,1,0.0,0,BB,FRA,Online TA,TA/TO,0,0,0,A,A,0,No Deposit,240.0,,0,Transient,120.0,0,1,Check-Out,2016-06-15
City Hotel,1,175,2017,May,20,19,0,1,1,0.0,0,BB,PRT,Groups,TA/TO,0,0,0,A,A,0,Non Refund,44.0,,0,Transient,90.0,0,0,Canceled,2016-11-25
City Hotel,0,151,2016,December,53,26,1,3,3,0.0,0,HB,FRA,Online TA,TA/TO,0,0,0,D,D,0,No Deposit,9.0,,0,Transient,164.05,0,2,Check-Out,2016-12-30
Resort Hotel,0,166,2015,November,46,11,0,4,1,0.0,0,BB,DEU,Online TA,TA/TO,0,0,0,A,D,1,No Deposit,240.0,,0,Transient,27.9,0,1,Check-Out,2015-11-15
City Hotel,0,7,2016,April,17,21,0,3,2,0.0,0,HB,ESP,Online TA,TA/TO,0,0,0,D,D,0,No Deposit,9.0,,0,Transient,183.0,1,1,Check-Out,2016-04-24
City Hotel,0,34,2017,January,3,18,0,1,1,0.0,0,BB,ESP,Groups,TA/TO,0,0,0,A,A,0,No Deposit,19.0,,0,Transient-Party,75.0,0,0,Check-Out,2017-01-19
Resort Hotel,0,0,2017,March,11,15,0,1,2,0.0,0,BB,PRT,Online TA,TA/TO,0,0,0,D,D,0,No Deposit,240.0,,0,Transient,85.0,0,2,Check-Out,2017-03-16
Resort Hotel,0,75,2015,December,53,29,2,7,1,0.0,0,BB,PRT,Direct,Direct,0,0,0,A,A,2,No Deposit,,,0,Transient,49.0,0,0,Check-Out,2016-01-07
City Hotel,1,81,2015,October,44,25,2,2,2,0.0,0,BB,PRT,Online TA,TA/TO,0,0,0,A,A,0,No Deposit,9.0,,0,Contract,89.25,0,1,Canceled,2015-08-06
City Hotel,0,114,2017,May,20,14,2,1,2,0.0,0,BB,ITA,Offline TA/TO,TA/TO,0,0,0,A,D,0,No Deposit,28.0,,0,Transient,85.0,0,0,Check-Out,2017-05-17
Resort Hotel,0,198,2017,April,16,19,2,5,2,0.0,0,BB,IRL,Online TA,TA/TO,0,0,0,A,C,1,No Deposit,314.0,,0,Transient,43.2,0,0,Check-Out,2017-04-26
Resort Hotel,1,261,2015,October,42,16,2,6,2,0.0,0,HB,PRT,Offline TA/TO,TA/TO,0,1,0,D,D,0,No Deposit,6.0,,0,Transient,72.0,0,0,Canceled,2015-08-03
Resort Hotel,1,42,2016,November,45,5,1,1,2,0.0,0,BB,PRT,Online TA,TA/TO,0,0,0,A,A,0,No Deposit,240.0,,0,Transient,37.8,0,2,Canceled,2016-10-11
City Hotel,0,132,2015,July,30,23,0,1,2,0.0,0,HB,PRT,Groups,TA/TO,0,0,0,A,F,0,No Deposit,1.0,,0,Transient-Party,90.0,0,0,Check-Out,2015-07-24
City Hotel,0,20,2017,February,6,5,0,0,2,1.0,0,BB,PRT,Online TA,TA/TO,0,0,0,A,A,0,No Deposit,9.0,,0,Transient,0.0,0,2,Check-Out,2017-02-05
City Hotel,1,468,2017,July,30,29,2,1,2,0.0,0,BB,PRT,Offline TA/TO,TA/TO,0,0,0,A,A,0,No Deposit,229.0,,0,Transient-Party,112.67,0,0,Canceled,2017-07-20
City Hotel,0,396,2017,June,26,25,2,0,2,0.0,0,HB,DEU,Offline TA/TO,TA/TO,0,0,0,A,A,0,No Deposit,6.0,,0,Transient-Party,122.4,0,1,Check-Out,2017-06-27
City Hotel,0,0,2017,May,22,31,0,2,1,0.0,0,BB,BEL,Aviation,Corporate,1,0,0,A,A,0,No Deposit,,153.0,0,Transient,95.0,0,0,Check-Out,2017-06-02
City Hotel,0,30,2016,July,28,8,0,1,2,0.0,0,BB,FRA,Online TA,TA/TO,0,0,0,A,A,0,No Deposit,9.0,,0,Transient,135.9,0,1,Check-Out,2016-07-09
City Hotel,1,102,2016,July,31,26,0,2,2,1.0,0,BB,NLD,Online TA,TA/TO,0,0,0,A,A,0,No Deposit,9.0,,0,Transient,121.5,0,1,Canceled,2016-07-08
City Hotel,0,124,2017,April,16,18,0,3,3,0.0,0,BB,FRA,Online TA,TA/TO,0,0,0,D,D,2,No Deposit,9.0,,0,Transient,175.5,0,1,Check-Out,2017-04-21
Resort Hotel,1,87,2015,August,32,8,0,1,2,0.0,0,BB,PRT,Online TA,TA/TO,0,0,0,E,E,0,No Deposit,240.0,,0,Transient,164.0,0,1,Canceled,2015-07-27
City Hotel,1,101,2017,June,26,30,0,1,2,0.0,0,BB,BRA,Online TA,TA/TO,0,0,0,D,D,0,No Deposit,9.0,,0,Transient,171.0,0,0,Canceled,2017-04-24
City Hotel,0,56,2016,June,25,12,2,1,3,0.0,0,BB,BEL,Online TA,TA/TO,0,0,0,D,D,0,No Deposit,9.0,,0,Transient,177.3,0,3,Check-Out,2016-06-15
City Hotel,1,192,2016,June,26,24,0,2,1,0.0,0,BB,PRT,Offline TA/TO,TA/TO,0,0,0,A,A,0,No Deposit,34.0,,0,Transient-Party,95.0,0,0,Canceled,2016-06-16
Resort Hotel,0,5,2015,August,36,30,2,2,2,0.0,0,BB,GBR,Offline TA/TO,TA/TO,0,0,0,D,D,0,No Deposit,142.0,,0,Contract,106.8,0,0,Check-Out,2015-09-03
Resort Hotel,1,123,2017,June,25,24,2,2,1,0.0,0,BB,PRT,Online TA,TA/TO,0,0,0,A,A,0,No Deposit,240.0,,0,Transient,111.0,0,1,Canceled,2017-04-16
City Hotel,0,17,2017,June,24,14,0,1,2,0.0,0,BB,CHE,Online TA,TA/TO,0,0,0,D,E,0,No Deposit,9.0,,0,Transient,150.0,0,1,Check-Out,2017-06-15
Resort Hotel,0,179,2016,July,28,4,3,7,2,0.0,0,FB,GBR,Offline TA/TO,TA/TO,0,0,0,A,A,0,No Deposit,26.0,,0,Transient,100.89,0,0,Check-Out,2016-07-14
City Hotel,0,75,2017,January,2,11,0,3,2,0.0,0,BB,DEU,Offline TA/TO,TA/TO,0,0,0,D,D,0,No Deposit,27.0,,0,Transient,82.8,0,1,Check-Out,2017-01-14
Resort Hotel,1,7,2016,January,3,16,2,5,2,0.0,0,HB,PRT,Online TA,TA/TO,0,0,0,D,D,0,No Deposit,241.0,,0,Transient,57.6,0,0,Canceled,2016-01-15
Resort Hotel,0,76,2016,November,49,29,0,2,2,0.0,0,BB,SWE,Corporate,Corporate,0,0,0,E,E,0,No Deposit,481.0,,0,Transient-Party,50.0,0,0,Check-Out,2016-12-01
City Hotel,0,72,2016,April,16,14,0,3,2,0.0,0,BB,POL,Online TA,TA/TO,0,0,0,A,A,0,No Deposit,9.0,,0,Transient-Party,105.3,0,3,Check-Out,2016-04-17
City Hotel,1,43,2016,February,9,26,2,4,2,0.0,0,BB,GBR,Direct,Direct,0,0,0,A,A,0,No Deposit,14.0,,0,Transient,73.8,0,0,Canceled,2016-02-17
City Hotel,0,2,2017,January,3,19,2,3,2,0.0,0,BB,FRA,Offline TA/TO,TA/TO,0,0,0,A,D,0,No Deposit,28.0,,0,Transient,75.0,0,2,Check-Out,2017-01-24
City Hotel,0,176,2016,March,13,20,2,4,1,0.0,0,BB,NOR,Online TA,TA/TO,0,0,0,A,A,0,No Deposit,7.0,,0,Group,61.52,0,0,Check-Out,2016-03-26
Resort Hotel,0,13,2016,June,27,26,1,0,3,0.0,0,BB,SWE,Online TA,TA/TO,0,0,1,G,G,1,No Deposit,240.0,,0,Transient,201.0,0,1,Check-Out,2016-06-27
City Hotel,1,17,2016,March,12,17,0,2,2,0.0,0,BB,PRT,Corporate,Corporate,0,0,0,A,A,0,No Deposit,174.0,,0,Transient-Party,80.0,0,0,Canceled,2016-03-11
City Hotel,0,0,2016,February,7,12,0,2,2,0.0,0,SC,FRA,Online TA,TA/TO,0,0,0,A,A,0,No Deposit,9.0,,0,Transient-Party,79.0,0,0,Check-Out,2016-02-14
Resort Hotel,1,166,2016,July,28,4,2,5,2,0.0,0,BB,PRT,Offline TA/TO,TA/TO,0,0,0,A,A,0,No Deposit,315.0,,0,Transient,57.8,0,1,Canceled,2016-07-01
City Hotel,0,45,2016,June,24,8,0,3,2,0.0,0,BB,FRA,Online TA,TA/TO,0,0,0,D,D,0,No Deposit,9.0,,0,Transient,128.4,0,1,Check-Out,2016-06-11
Resort Hotel,0,163,2016,August,32,1,2,5,2,0.0,0,HB,POL,Offline TA/TO,TA/TO,0,0,0,E,E,0,No Deposit,315.0,,0,Transient,140.76,0,1,Check-Out,2016-08-08
City Hotel,1,31,2017,July,29,18,0,3,2,0.0,0,SC,USA,Online TA,TA/TO,0,0,0,A,A,0,No Deposit,9.0,,0,Transient,140.0,0,1,No-Show,2017-07-18
Resort Hotel,1,112,2017,March,11,15,0,3,1,0.0,0,BB,PRT,Corporate,Corporate,0,0,0,A,A,0,No Deposit,,477.0,0,Transient-Party,40.0,0,0,Canceled,2017-02-16
City Hotel,0,194,2017,August,35,27,2,3,2,0.0,0,SC,ITA,Offline TA/TO,TA/TO,0,0,0,A,A,0,No Deposit,6.0,,0,Transient,71.1,0,1,Check-Out,2017-09-01
City Hotel,1,368,2017,June,26,28,0,3,2,0.0,0,BB,PRT,Groups,TA/TO,0,0,0,A,A,0,Non Refund,229.0,,0,Transient,90.0,0,0,Canceled,2017-06-06
Resort Hotel,0,287,2015,October,42,15,0,3,1,0.0,0,BB,GBR,Direct,Direct,0,0,0,A,D,2,No Deposit,,223.0,0,Transient-Party,37.0,0,0,Check-Out,2015-10-18
Resort Hotel,0,39,2017,March,13,28,0,1,2,0.0,0,BB,PRT,Online TA,TA/TO,0,0,0,A,A,0,No Deposit,240.0,,0,Transient,60.0,1,1,Check-Out,2017-03-29
Resort Hotel,0,237,2016,December,53,29,2,6,2,0.0,0,BB,ITA,Online TA,TA/TO,0,0,0,D,D,1,No Deposit,240.0,,0,Transient,68.25,0,2,Check-Out,2017-01-06
City Hotel,1,124,2015,August,32,8,2,1,2,0.0,0,HB,ITA,Offline TA/TO,TA/TO,0,0,0,A,A,0,No Deposit,17.0,,0,Transient-Party,94.5,0,0,Canceled,2015-08-01
City Hotel,0,9,2015,October,41,7,0,3,2,0.0,0,BB,ESP,Online TA,TA/TO,0,0,0,A,E,0,No Deposit,9.0,,0,Contract,145.0,0,0,Check-Out,2015-10-10
Resort Hotel,0,342,2016,October,42,14,2,5,1,0.0,0,BB,GBR,Groups,Direct,0,0,1,E,G,2,No Deposit,273.0,,125,Group,0.0,0,0,Check-Out,2016-10-21
City Hotel,1,258,2015,July,27,2,0,2,2,0.0,0,BB,PRT,Groups,TA/TO,1,1,0,A,A,0,No Deposit,1.0,,0,Transient-Party,62.8,0,0,Canceled,2014-10-17
City Hotel,1,61,2015,September,36,5,2,2,2,0.0,0,BB,PRT,Groups,TA/TO,0,0,0,A,A,0,No Deposit,1.0,,0,Transient-Party,62.0,0,0,Canceled,2015-09-01
City Hotel,1,123,2017,May,19,12,0,2,2,1.0,0,BB,GBR,Online TA,TA/TO,0,0,0,A,A,0,No Deposit,9.0,,0,Transient,162.0,0,2,Canceled,2017-03-07
City Hotel,0,0,2016,January,2,6,0,1,2,0.0,0,BB,PRT,Direct,Direct,0,0,0,A,A,0,No Deposit,,,0,Transient,85.0,0,0,Check-Out,2016-01-07
City Hotel,0,63,2015,September,36,4,0,2,2,0.0,0,HB,ITA,Offline TA/TO,TA/TO,0,0,0,A,A,0,No Deposit,21.0,,0,Transient-Party,116.0,0,0,Check-Out,2015-09-06
City Hotel,0,18,2016,December,51,11,1,0,2,0.0,0,BB,PRT,Offline TA/TO,TA/TO,0,0,0,A,A,0,No Deposit,378.0,,0,Transient-Party,80.0,0,0,Check-Out,2016-12-12
City Hotel,1,26,2016,December,51,12,2,5,2,0.0,0,BB,PRT,Groups,TA/TO,0,0,0,A,A,0,Non Refund,154.0,,0,Transient,75.0,0,0,Canceled,2016-11-29
City Hotel,1,34,2017,June,25,18,3,5,1,0.0,0,BB,PRT,Online TA,TA/TO,0,0,0,D,D,0,No Deposit,8.0,,0,Transient,161.5,0,1,No-Show,2017-06-18
City Hotel,1,40,2015,October,40,3,1,1,2,0.0,0,BB,PRT,Direct,Direct,0,1,0,A,A,0,No Deposit,,,0,Transient,117.67,0,1,Canceled,2015-09-11
Resort Hotel,0,78,2017,February,9,27,1,4,2,0.0,0,BB,ITA,Online TA,TA/TO,0,0,0,A,A,0,No Deposit,240.0,,0,Transient,52.8,0,1,Check-Out,2017-03-04
Resort Hotel,0,199,2016,May,19,2,1,1,2,0.0,0,HB,DEU,Groups,TA/TO,0,0,0,A,A,0,No Deposit,298.0,,0,Transient-Party,85.0,0,0,Check-Out,2016-05-04
City Hotel,1,104,2015,October,41,6,0,2,2,0.0,0,HB,PRT,Offline TA/TO,TA/TO,0,0,0,A,A,1,No Deposit,3.0,,0,Transient-Party,114.0,0,1,Canceled,2015-08-22
Resort Hotel,0,178,2016,May,21,20,0,2,2,0.0,0,HB,PRT,Online TA,TA/TO,0,0,0,D,D,0,No Deposit,240.0,,0,Transient,103.0,0,1,Check-Out,2016-05-22
City Hotel,1,125,2017,June,24,15,2,3,2,0.0,0,BB,IRL,Online TA,TA/TO,0,0,0,A,A,0,No Deposit,9.0,,0,Transient,122.4,0,0,Canceled,2017-02-15
City Hotel,1,283,2015,July,31,27,1,1,2,0.0,0,BB,PRT,Groups,TA/TO,0,1,0,A,A,0,Non Refund,1.0,,0,Transient-Party,62.0,0,0,Canceled,2015-06-29
Resort Hotel,0,158,2017,April,17,27,0,2,2,0.0,0,BB,FRA,Direct,Direct,0,0,0,E,E,0,No Deposit,250.0,,0,Transient,94.5,0,0,Check-Out,2017-04-29
City Hotel,0,396,2017,June,26,25,2,0,1,0.0,0,HB,PRT,Offline TA/TO,TA/TO,0,0,0,A,A,1,No Deposit,6.0,,0,Transient-Party,95.5,0,1,Check-Out,2017-06-27
City Hotel,1,199,2015,September,39,21,1,1,2,0.0,0,BB,PRT,Offline TA/TO,TA/TO,0,1,0,A,A,0,No Deposit,20.0,,0,Transient,48.0,0,0,Canceled,2015-07-23
City Hotel,0,62,2015,October,41,8,0,3,1,0.0,0,BB,AUT,Groups,TA/TO,0,0,0,A,A,0,No Deposit,30.0,,53,Transient-Party,65.45,0,0,Check-Out,2015-10-11
City Hotel,0,18,2016,September,36,3,1,1,2,0.0,0,SC,AUS,Online TA,TA/TO,0,0,0,A,A,0,No Deposit,9.0,,0,Transient,127.0,1,2,Check-Out,2016-09-05
City Hotel,0,110,2016,June,25,17,2,2,2,0.0,0,SC,GBR,Online TA,TA/TO,0,0,0,A,A,0,No Deposit,9.0,,0,Transient,109.65,0,1,Check-Out,2016-06-21
City Hotel,1,23,2017,August,31,1,0,2,1,0.0,0,BB,CHN,Online TA,TA/TO,0,0,0,D,D,0,No Deposit,9.0,,0,Transient,154.0,0,0,Canceled,2017-07-10
Resort Hotel,1,243,2017,June,25,24,4,10,2,0.0,0,HB,ITA,Online TA,TA/TO,0,0,0,A,A,0,No Deposit,240.0,,0,Transient,126.0,0,0,Canceled,2016-11-24
Resort Hotel,0,84,2017,April,15,13,2,3,2,0.0,0,BB,GBR,Offline TA/TO,TA/TO,0,0,0,A,A,0,No Deposit,40.0,,0,Contract,40.95,0,0,Check-Out,2017-04-18
City Hotel,0,1,2016,January,2,3,2,0,1,0.0,0,BB,PRT,Online TA,TA/TO,0,0,0,A,A,0,No Deposit,9.0,,0,Transient,82.0,0,0,Check-Out,2016-01-05
Resort Hotel,0,167,2015,September,36,1,2,5,2,0.0,0,BB,PRT,Direct,Direct,0,0,0,A,A,0,No Deposit,,,0,Transient,73.8,0,0,Check-Out,2015-09-08
City Hotel,1,19,2016,February,7,12,1,2,2,0.0,0,HB,ESP,Online TA,TA/TO,0,0,0,A,A,0,No Deposit,9.0,,0,Transient,138.0,0,1,Canceled,2016-01-28
Resort Hotel,0,0,2015,October,43,18,1,0,1,0.0,0,BB,GBR,Groups,Corporate,1,0,0,A,D,0,No Deposit,,,0,Transient,58.0,0,0,Check-Out,2015-10-19
City Hotel,0,68,2016,April,18,26,0,2,1,0.0,0,BB,ITA,Online TA,TA/TO,0,0,0,D,D,0,No Deposit,9.0,,0,Transient-Party,118.8,0,1,Check-Out,2016-04-28
City Hotel,1,18,2016,December,53,30,2,2,3,0.0,0,BB,ESP,Online TA,TA/TO,0,0,0,D,D,0,No Deposit,9.0,,0,Transient,166.85,0,2,Canceled,2016-12-13
City Hotel,0,22,2015,December,53,27,2,0,2,2.0,0,BB,JPN,Online TA,TA/TO,0,0,0,F,F,0,No Deposit,9.0,,0,Transient,177.0,0,0,Check-Out,2015-12-29
City Hotel,1,0,2016,June,25,13,1,2,2,0.0,1,BB,PRT,Offline TA/TO,TA/TO,0,0,0,A,A,0,No Deposit,28.0,,0,Transient,80.75,0,1,No-Show,2016-06-13
Resort Hotel,0,4,2016,October,44,25,0,1,1,0.0,0,BB,,Corporate,Corporate,0,0,1,A,A,0,No Deposit,,31.0,0,Transient-Party,42.0,0,0,Check-Out,2016-10-26
City Hotel,0,39,2016,March,12,14,1,2,2,0.0,0,BB,FRA,Offline TA/TO,TA/TO,0,0,0,A,D,0,No Deposit,28.0,,0,Transient,85.0,0,0,Check-Out,2016-03-17
City Hotel,0,125,2016,September,37,4,4,6,2,0.0,0,BB,ISR,Online TA,TA/TO,0,0,0,A,A,0,No Deposit,7.0,,0,Transient,99.79,0,5,Check-Out,2016-09-14
City Hotel,0,174,2017,May,21,25,0,3,2,0.0,0,BB,FRA,Online TA,TA/TO,0,0,0,A,A,0,No Deposit,9.0,,0,Transient,126.0,0,1,Check-Out,2017-05-28
Resort Hotel,1,322,2017,January,2,10,16,40,2,0.0,0,BB,PRT,Offline TA/TO,TA/TO,0,0,0,A,A,0,No Deposit,8.0,,0,Transient,25.5,0,0,Canceled,2016-10-31
Resort Hotel,0,9,2015,December,51,14,1,0,1,0.0,0,BB,ESP,Corporate,Corporate,0,0,0,A,A,0,No Deposit,,,0,Transient,38.0,0,0,Check-Out,2015-12-15
City Hotel,0,53,2016,June,26,24,1,2,2,0.0,0,BB,PRT,Groups,TA/TO,0,0,0,A,D,0,No Deposit,1.0,,0,Transient-Party,65.0,0,1,Check-Out,2016-06-27
City Hotel,0,21,2016,November,47,13,2,4,2,0.0,0,BB,IRL,Online TA,TA/TO,0,0,0,A,A,0,No Deposit,9.0,,0,Transient,88.4,0,1,Check-Out,2016-11-19
Resort Hotel,0,14,2016,October,44,24,1,2,1,0.0,0,BB,PRT,Corporate,Corporate,1,0,3,A,A,0,No Deposit,94.0,,0,Transient,39.0,0,0,Check-Out,2016-10-27
City Hotel,0,2,2017,January,4,28,0,1,2,0.0,0,BB,PRT,Direct,Direct,0,0,0,A,A,2,No Deposit,14.0,,0,Transient,107.0,0,0,Check-Out,2017-01-29
City Hotel,0,178,2016,August,33,10,0,4,2,0.0,0,BB,BEL,Online TA,TA/TO,0,0,0,A,A,0,No Deposit,9.0,,0,Transient-Party,99.45,0,1,Check-Out,2016-08-14
City Hotel,1,70,2017,February,6,6,1,1,2,1.0,0,BB,MAR,Online TA,TA/TO,0,0,0,A,A,0,No Deposit,9.0,,0,Transient,111.6,0,3,Canceled,2017-01-12
Resort Hotel,0,35,2017,March,10,6,1,4,2,0.0,0,BB,DEU,Online TA,TA/TO,0,0,0,A,C,0,No Deposit,240.0,,0,Transient-Party,57.0,0,1,Check-Out,2017-03-11
Resort Hotel,0,21,2016,November,47,14,1,1,2,0.0,0,HB,ESP,Online TA,TA/TO,0,0,0,E,E,0,No Deposit,242.0,,0,Transient,89.71,1,1,Check-Out,2016-11-16
Resort Hotel,0,18,2015,October,42,12,1,0,1,0.0,0,BB,PRT,Offline TA/TO,TA/TO,0,0,0,A,A,0,No Deposit,146.0,,0,Transient-Party,37.0,0,0,Check-Out,2015-10-13
City Hotel,0,59,2016,November,45,2,0,3,2,0.0,0,BB,FRA,Online TA,TA/TO,0,0,0,A,A,0,No Deposit,7.0,,0,Transient,71.1,0,2,Check-Out,2016-11-05
City Hotel,1,105,2016,April,15,6,0,1,2,0.0,0,BB,PRT,Offline TA/TO,TA/TO,0,0,0,A,A,0,Non Refund,12.0,,0,Transient,75.0,0,0,Canceled,2016-01-18
City Hotel,0,44,2016,November,45,2,0,2,2,0.0,0,BB,FRA,Offline TA/TO,TA/TO,0,0,0,A,D,0,No Deposit,28.0,,0,Transient,75.0,0,0,Check-Out,2016-11-04
Resort Hotel,0,6,2017,March,10,6,1,3,1,0.0,0,BB,PRT,Direct,Direct,0,0,0,A,A,0,No Deposit,250.0,,0,Transient,45.0,0,0,Check-Out,2017-03-10
City Hotel,0,85,2016,December,50,8,0,3,3,0.0,0,BB,ESP,Offline TA/TO,TA/TO,0,0,0,A,D,0,No Deposit,28.0,,0,Transient,105.0,0,0,Check-Out,2016-12-11
City Hotel,0,266,2017,August,33,17,0,3,2,0.0,0,BB,GBR,Offline TA/TO,TA/TO,0,0,0,A,A,0,No Deposit,28.0,,0,Transient,80.1,0,0,Check-Out,2017-08-20
Resort Hotel,0,40,2017,January,3,16,1,2,1,0.0,0,Undefined,PRT,Groups,Direct,0,0,0,A,E,1,No Deposit,,,0,Transient-Party,55.0,0,0,Check-Out,2017-01-19
Resort Hotel,0,3,2015,October,41,8,0,3,2,0.0,0,BB,PRT,Corporate,Corporate,0,0,0,A,D,0,No Deposit,281.0,,0,Contract,45.0,0,0,Check-Out,2015-10-11
City Hotel,0,271,2016,September,39,21,0,3,2,0.0,0,BB,BEL,Offline TA/TO,TA/TO,0,0,0,A,A,0,No Deposit,12.0,,0,Transient-Party,101.33,0,1,Check-Out,2016-09-24
City Hotel,1,88,2017,April,17,26,0,3,2,0.0,0,BB,PRT,Groups,TA/TO,0,0,0,A,A,0,Non Refund,170.0,,0,Transient,140.0,0,0,Canceled,2017-02-17
City Hotel,1,167,2016,September,36,3,4,10,2,0.0,0,BB,NOR,Online TA,TA/TO,0,0,0,A,A,0,No Deposit,9.0,,0,Transient,119.85,0,0,Canceled,2016-03-30
City Hotel,0,135,2017,August,33,15,2,5,3,0.0,0,BB,FRA,Online TA,TA/TO,0,0,0,D,D,2,No Deposit,9.0,,0,Transient,195.0,0,1,Check-Out,2017-08-22
City Hotel,0,21,2016,December,49,1,1,3,2,0.0,0,HB,DEU,Online TA,TA/TO,0,0,0,A,A,0,No Deposit,9.0,,0,Transient,122.19,0,1,Check-Out,2016-12-05
City Hotel,1,420,2016,September,36,3,2,2,2,0.0,0,BB,PRT,Groups,TA/TO,0,0,0,A,A,0,Non Refund,35.0,,0,Transient,75.0,0,0,Canceled,2015-10-12
City Hotel,0,201,2017,August,33,16,0,3,2,0.0,0,SC,DEU,Online TA,TA/TO,0,0,0,A,A,0,No Deposit,9.0,,0,Transient-Party,112.5,0,0,Check-Out,2017-08-19
Resort Hotel,0,151,2017,May,21,26,2,2,2,0.0,0,BB,IRL,Direct,Direct,0,0,0,F,F,0,No Deposit,250.0,,0,Transient,112.5,0,1,Check-Out,2017-05-30
Resort Hotel,1,319,2016,October,40,1,2,4,2,0.0,0,HB,PRT,Online TA,TA/TO,0,0,0,A,C,1,No Deposit,242.0,,0,Transient,81.0,0,0,Canceled,2016-05-03
Resort Hotel,0,188,2016,May,19,3,2,5,2,0.0,0,HB,GBR,Offline TA/TO,TA/TO,0,0,0,D,D,0,No Deposit,40.0,,0,Transient,74.76,0,1,Check-Out,2016-05-10
City Hotel,0,245,2017,July,28,13,0,2,2,2.0,0,BB,GBR,Online TA,TA/TO,0,0,0,F,F,0,No Deposit,9.0,,0,Transient,179.1,0,1,Check-Out,2017-07-15
City Hotel,0,93,2016,October,41,8,2,1,2,0.0,0,SC,FRA,Online TA,TA/TO,0,0,0,A,A,0,No Deposit,7.0,,0,Transient,79.0,0,1,Check-Out,2016-10-11
City Hotel,0,35,2016,February,7,11,1,3,2,0.0,0,BB,LTU,Online TA,TA/TO,0,0,0,A,A,0,No Deposit,15.0,,0,Transient,61.16,0,0,Check-Out,2016-02-15
Resort Hotel,0,167,2016,July,27,1,2,6,2,1.0,1,BB,PRT,Direct,Direct,0,0,0,C,C,3,No Deposit,250.0,,0,Transient,130.5,0,1,Check-Out,2016-07-09
City Hotel,0,10,2016,October,42,13,1,3,3,0.0,0,SC,PRT,Direct,Direct,0,0,0,A,D,1,No Deposit,,,0,Transient,149.0,0,1,Check-Out,2016-10-17
City Hotel,1,332,2015,September,38,14,1,1,2,0.0,0,BB,PRT,Groups,TA/TO,0,1,0,A,A,0,Non Refund,1.0,,0,Contract,62.0,0,0,Canceled,2015-01-01
City Hotel,1,0,2017,February,5,3,0,1,1,0.0,0,BB,PRT,Complementary,Direct,0,0,0,A,A,0,No Deposit,45.0,,0,Transient,0.0,0,0,Canceled,2017-02-03
City Hotel,1,15,2016,April,18,29,0,2,3,0.0,0,BB,ESP,Online TA,TA/TO,0,0,0,D,D,0,No Deposit,9.0,,0,Transient,177.0,0,0,Canceled,2016-04-19
Resort Hotel,0,33,2017,February,6,6,1,4,2,0.0,0,BB,BGR,Online TA,TA/TO,0,0,0,A,D,0,No Deposit,240.0,,0,Transient,48.0,0,1,Check-Out,2017-02-11
Resort Hotel,0,163,2016,July,29,14,2,7,2,0.0,0,HB,GBR,Offline TA/TO,TA/TO,0,0,0,E,E,0,No Deposit,40.0,,0,Contract,141.05,0,0,Check-Out,2016-07-23
City Hotel,0,71,2016,August,33,9,0,3,3,0.0,0,BB,DEU,Offline TA/TO,TA/TO,0,0,0,A,A,0,No Deposit,27.0,,0,Transient-Party,96.9,0,1,Check-Out,2016-08-12
City Hotel,0,0,2015,August,34,19,0,3,2,0.0,0,BB,ESP,Direct,Direct,0,0,0,A,A,1,No Deposit,,,0,Transient,124.0,0,0,Check-Out,2015-08-22
City Hotel,0,1,2017,February,5,3,0,1,1,0.0,0,SC,PRT,Direct,Direct,0,0,0,A,A,0,No Deposit,14.0,,0,Transient,93.0,0,0,Check-Out,2017-02-04
City Hotel,1,419,2016,September,36,1,0,2,2,0.0,0,BB,PRT,Groups,TA/TO,0,0,0,A,A,0,Non Refund,1.0,,0,Transient,62.0,0,0,Canceled,2015-10-21
Resort Hotel,0,132,2015,September,40,29,2,5,1,0.0,0,BB,IRL,Offline TA/TO,TA/TO,0,0,0,A,A,0,No Deposit,6.0,,0,Transient,37.0,0,0,Check-Out,2015-10-06
City Hotel,0,116,2016,March,13,25,2,5,2,0.0,0,BB,SWE,Online TA,TA/TO,0,0,0,A,A,0,No Deposit,9.0,,0,Contract,104.14,0,1,Check-Out,2016-04-01
City Hotel,0,0,2017,February,7,17,0,1,2,0.0,0,BB,PRT,Direct,Direct,0,0,0,A,A,0,No Deposit,,,0,Transient,12.0,0,0,Check-Out,2017-02-18
City Hotel,1,275,2016,April,17,17,2,0,2,0.0,0,HB,PRT,Offline TA/TO,TA/TO,0,0,0,A,A,0,Non Refund,12.0,,0,Transient,110.0,0,0,Canceled,2015-08-04
Resort Hotel,1,6,2015,September,39,23,0,2,1,0.0,0,BB,PRT,Offline TA/TO,TA/TO,0,0,0,F,F,0,No Deposit,156.0,,0,Transient,0.0,0,1,Canceled,2015-09-22
City Hotel,0,316,2016,May,22,26,0,3,2,0.0,0,BB,AUT,Groups,TA/TO,0,0,0,A,A,0,No Deposit,30.0,,0,Transient-Party,110.0,0,0,Check-Out,2016-05-29
Resort Hotel,0,74,2015,August,34,18,1,5,2,0.0,0,BB,PRT,Offline TA/TO,TA/TO,0,0,0,A,A,0,No Deposit,134.0,,0,Transient,107.0,0,0,Check-Out,2015-08-24
City Hotel,0,0,2015,October,43,24,0,1,2,0.0,0,BB,ESP,Direct,Direct,0,0,0,A,B,0,No Deposit,,,0,Transient,102.5,0,0,Check-Out,2015-10-25
City Hotel,1,72,2015,September,37,11,0,2,2,0.0,0,HB,PRT,Groups,TA/TO,0,0,0,A,A,0,No Deposit,30.0,,0,Transient-Party,126.0,0,0,Canceled,2015-08-25
City Hotel,0,18,2016,January,1,1,1,2,2,1.0,0,BB,ESP,Online TA,TA/TO,0,0,0,B,B,4,No Deposit,9.0,,0,Transient,119.58,1,2,Check-Out,2016-01-04
City Hotel,1,0,2016,March,13,23,0,1,1,0.0,0,BB,PRT,Corporate,Corporate,1,0,12,A,A,0,No Deposit,,40.0,0,Transient,65.0,0,0,No-Show,2016-03-23
Resort Hotel,0,0,2016,July,31,30,0,1,2,0.0,0,BB,PRT,Online TA,TA/TO,0,0,0,D,D,1,No Deposit,240.0,,0,Transient,199.0,0,0,Check-Out,2016-07-31
Resort Hotel,0,2,2017,February,7,15,0,2,1,0.0,0,BB,,Corporate,TA/TO,0,0,2,A,D,0,No Deposit,,356.0,0,Transient,35.0,0,0,Check-Out,2017-02-17
City Hotel,0,38,2016,March,11,9,1,4,2,0.0,0,BB,DEU,Online TA,TA/TO,0,0,0,A,A,0,No Deposit,7.0,,0,Transient,63.06,0,1,Check-Out,2016-03-14
Resort Hotel,0,0,2016,December,51,14,0,2,2,0.0,0,BB,FRA,Direct,Direct,0,0,0,A,D,0,No Deposit,,,0,Transient,44.0,0,0,Check-Out,2016-12-16
Resort Hotel,1,19,2017,March,10,7,0,2,2,0.0,0,BB,PRT,Offline TA/TO,TA/TO,0,0,0,A,A,0,No Deposit,8.0,,0,Transient,60.0,0,0,Canceled,2017-02-27
Resort Hotel,0,69,2016,March,13,20,2,4,2,0.0,0,BB,GBR,Online TA,TA/TO,0,0,0,E,E,0,No Deposit,241.0,,0,Transient,45.33,0,1,Check-Out,2016-03-26
City Hotel,0,5,2015,October,44,31,0,1,2,2.0,0,BB,IRL,Online TA,TA/TO,0,0,0,F,F,0,No Deposit,9.0,,0,Transient,177.0,0,0,Check-Out,2015-11-01
Resort Hotel,0,36,2015,November,47,20,0,2,1,0.0,0,FB,ESP,Groups,TA/TO,0,0,0,A,A,0,No Deposit,38.0,,0,Transient-Party,0.0,0,0,Check-Out,2015-11-22
City Hotel,0,32,2017,January,2,14,0,1,2,1.0,0,BB,PRT,Online TA,TA/TO,0,0,0,A,A,1,No Deposit,9.0,,0,Transient,126.0,0,3,Check-Out,2017-01-15
City Hotel,1,56,2017,February,5,1,0,3,2,0.0,0,BB,PRT,Groups,TA/TO,0,0,0,A,A,0,Non Refund,29.0,,0,Transient,60.0,0,0,Canceled,2016-12-07
Resort Hotel,0,20,2016,February,9,22,1,2,2,0.0,0,BB,IRL,Offline TA/TO,TA/TO,0,0,0,A,D,0,No Deposit,115.0,,0,Transient,36.1,0,0,Check-Out,2016-02-25
Resort Hotel,1,9,2016,February,9,24,0,2,2,2.0,0,BB,PRT,Online TA,TA/TO,0,0,0,G,G,1,No Deposit,240.0,,0,Transient,93.0,0,0,Canceled,2016-02-22
Resort Hotel,0,0,2015,November,47,18,0,2,1,0.0,0,BB,PRT,Corporate,Corporate,0,0,0,A,D,0,No Deposit,,154.0,0,Transient,25.0,0,0,Check-Out,2015-11-20
Resort Hotel,0,231,2016,October,41,8,2,5,1,0.0,0,BB,GBR,Groups,Direct,0,0,0,A,D,1,No Deposit,273.0,,0,Transient-Party,44.36,0,0,Check-Out,2016-10-15
City Hotel,1,6,2015,September,39,20,2,0,2,0.0,0,BB,PRT,Corporate,Corporate,0,1,0,A,A,0,Non Refund,78.0,,0,Transient,100.0,0,0,Canceled,2015-09-15
City Hotel,0,84,2016,August,35,22,1,1,2,0.0,0,BB,CN,Direct,Direct,0,0,0,E,F,0,No Deposit,14.0,,0,Transient,150.3,0,0,Check-Out,2016-08-24
City Hotel,1,60,2016,March,13,20,2,2,2,0.0,0,BB,PRT,Offline TA/TO,TA/TO,0,0,0,A,A,0,Non Refund,3.0,,0,Transient,75.0,0,0,Canceled,2016-01-22
Resort Hotel,0,24,2016,April,15,6,1,4,2,0.0,0,BB,GBR,Online TA,TA/TO,0,0,0,E,E,0,No Deposit,240.0,,0,Transient,81.6,0,0,Check-Out,2016-04-11
City Hotel,1,173,2017,June,24,11,2,3,2,0.0,0,BB,PRT,Groups,TA/TO,0,0,0,A,A,0,Non Refund,,,0,Transient,140.0,0,0,Canceled,2016-12-20
City Hotel,1,272,2015,July,29,16,0,2,2,0.0,0,BB,PRT,Groups,TA/TO,0,1,0,A,A,0,No Deposit,1.0,,0,Contract,62.0,0,0,Canceled,2015-01-01
City Hotel,0,5,2016,March,12,19,2,1,2,0.0,0,BB,USA,Groups,TA/TO,0,0,0,A,A,0,No Deposit,1.0,,0,Transient-Party,93.33,0,0,Check-Out,2016-03-22
City Hotel,0,1,2016,March,11,9,0,1,1,0.0,0,BB,PRT,Corporate,Corporate,1,1,3,A,A,0,No Deposit,,40.0,0,Transient,67.0,1,1,Check-Out,2016-03-10
Resort Hotel,0,80,2016,October,45,31,2,5,2,0.0,0,BB,GBR,Offline TA/TO,TA/TO,0,0,0,A,A,0,No Deposit,171.0,,0,Transient,32.8,0,0,Check-Out,2016-11-07
City Hotel,1,4,2016,July,29,16,2,2,2,0.0,0,BB,PRT,Offline TA/TO,TA/TO,0,0,0,A,A,0,No Deposit,118.0,,0,Transient,72.25,0,0,No-Show,2016-07-16
City Hotel,0,1,2015,December,53,30,0,3,2,0.0,0,BB,FRA,Online TA,TA/TO,0,0,0,D,G,0,No Deposit,9.0,,0,Transient,197.0,0,1,Check-Out,2016-01-02
City Hotel,1,68,2017,April,14,5,0,4,2,0.0,0,BB,PRT,Corporate,Corporate,0,0,0,A,A,2,No Deposit,,418.0,0,Transient-Party,110.0,0,0,Canceled,2017-03-30
Resort Hotel,1,289,2017,August,32,10,2,8,1,0.0,0,BB,PRT,Offline TA/TO,TA/TO,0,0,0,A,A,0,No Deposit,40.0,,0,Contract,104.85,0,1,Canceled,2017-03-24
City Hotel,0,28,2017,March,10,8,1,4,2,0.0,0,BB,FRA,Offline TA/TO,TA/TO,0,0,0,A,D,1,No Deposit,28.0,,0,Contract,68.0,0,1,Check-Out,2017-03-13
City Hotel,1,25,2017,March,11,12,1,0,2,0.0,0,BB,PRT,Groups,TA/TO,0,0,0,A,A,0,Non Refund,,,0,Transient,100.0,0,0,Canceled,2017-02-16
City Hotel,0,17,2017,June,24,11,2,2,2,0.0,0,SC,ROU,Online TA,TA/TO,0,0,0,A,A,0,No Deposit,9.0,,0,Transient,109.0,0,1,Check-Out,2017-06-15
City Hotel,0,328,2017,June,23,9,2,4,2,0.0,0,BB,CHE,Online TA,TA/TO,0,0,0,A,A,0,No Deposit,9.0,,0,Transient,109.8,0,4,Check-Out,2017-06-15
City Hotel,1,0,2015,August,33,14,0,2,2,0.0,0,HB,PRT,Offline TA/TO,TA/TO,0,0,0,A,A,0,No Deposit,6.0,,0,Transient-Party,109.0,0,0,Canceled,2015-08-14
Resort Hotel,1,295,2017,June,24,15,4,10,2,0.0,0,BB,PRT,Offline TA/TO,TA/TO,0,0,0,A,A,0,No Deposit,243.0,,0,Contract,56.7,0,0,Canceled,2017-03-01
City Hotel,0,22,2016,September,40,25,2,4,2,2.0,0,BB,BEL,Online TA,TA/TO,0,0,0,F,F,0,No Deposit,9.0,,0,Transient,224.0,0,1,Check-Out,2016-10-01
Resort Hotel,0,203,2017,August,34,21,2,5,2,0.0,0,Undefined,ESP,Direct,Direct,0,0,0,D,D,1,No Deposit,250.0,,0,Transient,240.8,0,3,Check-Out,2017-08-28
Resort Hotel,0,0,2016,January,2,7,0,1,2,0.0,0,BB,ESP,Online TA,TA/TO,0,0,0,A,D,0,No Deposit,240.0,,0,Transient,48.0,1,2,Check-Out,2016-01-08
Resort Hotel,0,285,2015,October,42,13,2,6,2,0.0,0,BB,GBR,Offline TA/TO,TA/TO,0,0,0,A,A,0,No Deposit,26.0,,0,Contract,39.1,0,0,Check-Out,2015-10-21
City Hotel,1,328,2015,September,37,10,0,2,2,0.0,0,BB,PRT,Groups,TA/TO,0,1,0,A,A,0,Non Refund,1.0,,0,Contract,62.0,0,0,Canceled,2015-01-01
City Hotel,0,30,2016,February,10,28,2,1,2,0.0,0,BB,FRA,Offline TA/TO,TA/TO,0,0,0,A,A,0,No Deposit,28.0,,0,Transient-Party,72.0,0,1,Check-Out,2016-03-02
City Hotel,0,0,2016,December,50,5,1,1,2,0.0,0,SC,ITA,Direct,Direct,0,0,0,A,A,0,No Deposit,,,0,Transient,88.0,0,0,Check-Out,2016-12-07
City Hotel,1,21,2017,August,32,7,2,5,2,0.0,0,SC,PHL,Online TA,TA/TO,0,0,0,A,A,0,No Deposit,9.0,,0,Transient,160.0,0,1,Canceled,2017-07-18
City Hotel,1,94,2016,March,10,4,0,2,2,0.0,0,BB,PRT,Offline TA/TO,TA/TO,0,1,0,A,A,0,Non Refund,154.0,,28,Transient,80.0,0,0,Canceled,2015-12-29
City Hotel,0,6,2016,August,32,3,0,1,1,0.0,0,BB,PRT,Corporate,Corporate,0,0,0,D,F,1,No Deposit,,51.0,0,Transient,90.0,0,1,Check-Out,2016-08-04
City Hotel,0,76,2017,April,17,25,0,4,2,0.0,0,SC,DEU,Online TA,TA/TO,0,0,0,A,A,0,No Deposit,9.0,,0,Transient,108.0,0,0,Check-Out,2017-04-29
Resort Hotel,0,169,2015,August,33,13,2,5,2,0.0,0,BB,GBR,Offline TA/TO,TA/TO,0,0,0,D,D,0,No Deposit,243.0,,0,Contract,104.55,0,2,Check-Out,2015-08-20
City Hotel,0,14,2016,December,49,2,0,1,2,2.0,0,BB,GBR,Online TA,TA/TO,0,0,0,F,F,0,No Deposit,9.0,,0,Transient,174.0,0,0,Check-Out,2016-12-03
Resort Hotel,1,44,2016,November,45,5,2,5,2,0.0,0,HB,GBR,Online TA,TA/TO,0,0,0,E,E,0,No Deposit,240.0,,0,Transient,82.8,0,1,Canceled,2016-09-23
City Hotel,1,210,2017,August,33,16,0,4,2,0.0,0,SC,ITA,Online TA,TA/TO,0,0,0,A,A,0,No Deposit,9.0,,0,Transient,115.65,0,1,Canceled,2017-04-22
Resort Hotel,1,2,2016,March,14,30,0,2,1,0.0,0,BB,,Corporate,Corporate,0,0,1,A,D,1,No Deposit,,31.0,0,Transient,42.0,0,0,No-Show,2016-03-30
City Hotel,0,28,2015,October,42,12,1,1,2,0.0,0,BB,ESP,Online TA,TA/TO,0,0,0,A,A,0,No Deposit,9.0,,0,Contract,110.65,0,2,Check-Out,2015-10-14
City Hotel,1,179,2016,July,27,1,0,2,2,0.0,0,BB,PRT,Groups,TA/TO,0,0,0,A,A,0,Non Refund,1.0,,0,Transient,65.0,0,0,Canceled,2016-05-10
Resort Hotel,0,119,2017,July,29,18,2,5,3,0.0,0,HB,GBR,Offline TA/TO,TA/TO,0,0,0,D,D,0,No Deposit,40.0,,0,Contract,206.03,0,0,Check-Out,2017-07-25
City Hotel,0,6,2016,August,33,8,1,1,2,1.0,0,BB,PRT,Online TA,TA/TO,0,0,0,A,A,0,No Deposit,9.0,,0,Transient,171.0,0,1,Check-Out,2016-08-10
Resort Hotel,1,50,2017,June,26,26,1,1,2,0.0,0,BB,LBN,Online TA,TA/TO,0,0,0,A,A,0,No Deposit,240.0,,0,Transient,176.0,0,1,Canceled,2017-05-31
City Hotel,0,40,2017,May,20,15,1,1,1,0.0,0,BB,DNK,Corporate,Corporate,0,0,0,A,A,0,No Deposit,,174.0,0,Transient,95.0,0,0,Check-Out,2017-05-17
City Hotel,1,28,2016,October,42,13,0,1,1,0.0,0,BB,GBR,Groups,TA/TO,0,0,0,A,A,0,No Deposit,234.0,,0,Transient-Party,120.0,0,0,Canceled,2016-10-07
Resort Hotel,0,0,2016,February,9,24,0,1,1,0.0,0,BB,PRT,Direct,Direct,0,0,2,A,D,0,No Deposit,,,0,Transient,40.0,1,0,Check-Out,2016-02-25
City Hotel,1,97,2015,October,41,5,1,3,1,0.0,0,BB,PRT,Groups,TA/TO,0,0,0,A,A,0,Non Refund,29.0,,0,Transient,140.0,0,0,Canceled,2015-07-03
City Hotel,0,0,2017,February,9,26,2,1,2,0.0,0,BB,PRT,Offline TA/TO,TA/TO,0,0,0,A,A,0,No Deposit,85.0,,0,Transient,88.0,0,0,Check-Out,2017-03-01
City Hotel,0,53,2016,June,26,24,1,2,3,0.0,0,BB,PRT,Groups,TA/TO,0,0,0,A,D,1,No Deposit,1.0,,0,Transient-Party,94.25,0,1,Check-Out,2016-06-27
City Hotel,0,81,2016,August,34,16,0,2,2,1.0,0,BB,FRA,Online TA,TA/TO,0,0,0,A,A,0,No Deposit,9.0,,0,Transient,161.1,0,1,Check-Out,2016-08-18
City Hotel,0,60,2015,October,42,12,1,1,2,0.0,0,BB,PRT,Offline TA/TO,TA/TO,0,0,0,A,A,1,No Deposit,3.0,,0,Transient-Party,65.0,0,1,Check-Out,2015-10-14
Resort Hotel,0,160,2017,March,11,18,2,5,2,0.0,0,BB,GBR,Online TA,TA/TO,0,0,0,E,E,0,No Deposit,240.0,,0,Transient,55.8,0,3,Check-Out,2017-03-25
City Hotel,0,118,2016,June,24,6,1,3,1,0.0,0,BB,DEU,Offline TA/TO,Corporate,0,0,0,A,A,1,No Deposit,191.0,,0,Transient-Party,110.0,0,0,Check-Out,2016-06-10
City Hotel,1,52,2017,May,18,4,1,3,2,0.0,0,BB,HUN,Online TA,TA/TO,0,0,0,A,A,0,No Deposit,9.0,,0,Transient,152.1,0,0,Canceled,2017-04-05
Resort Hotel,0,11,2016,March,12,16,1,4,3,0.0,0,BB,GBR,Offline TA/TO,TA/TO,0,0,0,C,C,0,No Deposit,95.0,,0,Transient,12.0,0,0,Check-Out,2016-03-21
Resort Hotel,0,159,2016,July,30,18,1,5,2,0.0,0,HB,ESP,Online TA,TA/TO,0,0,0,D,D,0,No Deposit,240.0,,0,Transient,224.0,1,1,Check-Out,2016-07-24
City Hotel,0,0,2017,February,5,3,0,2,2,0.0,0,BB,PRT,Online TA,TA/TO,0,0,0,A,A,0,No Deposit,9.0,,0,Transient,108.0,0,0,Check-Out,2017-02-05
Resort Hotel,1,195,2017,August,31,1,1,5,2,0.0,0,HB,ESP,Online TA,TA/TO,0,0,0,E,E,0,No Deposit,240.0,,0,Transient,231.0,0,0,Canceled,2017-04-02
City Hotel,0,57,2016,August,33,10,0,2,2,0.0,0,BB,PRT,Online TA,TA/TO,0,0,0,A,A,0,No Deposit,9.0,,0,Transient,135.9,0,1,Check-Out,2016-08-12
Resort Hotel,0,0,2017,January,5,31,0,1,1,0.0,0,BB,PRT,Corporate,Corporate,0,0,0,A,D,0,No Deposit,88.0,,0,Transient,35.0,0,0,Check-Out,2017-02-01
City Hotel,1,69,2016,June,25,12,2,4,1,0.0,0,BB,PRT,Offline TA/TO,TA/TO,0,0,0,A,A,0,Non Refund,236.0,,0,Transient,120.0,0,0,Canceled,2016-04-27
City Hotel,1,105,2016,April,15,6,0,1,2,0.0,0,BB,PRT,Offline TA/TO,TA/TO,0,0,0,A,A,0,Non Refund,12.0,,0,Transient,75.0,0,0,Canceled,2016-01-18
Resort Hotel,0,88,2015,August,35,23,2,5,2,0.0,0,HB,PRT,Direct,Direct,0,0,0,E,F,1,No Deposit,,,0,Transient,170.5,0,3,Check-Out,2015-08-30
City Hotel,1,23,2016,April,15,9,2,3,1,0.0,0,BB,RUS,Online TA,TA/TO,0,0,0,D,D,0,No Deposit,9.0,,0,Transient,129.2,0,0,Canceled,2016-03-28
City Hotel,0,2,2015,November,46,8,1,0,2,0.0,0,BB,PRT,Direct,Direct,0,0,0,A,A,0,No Deposit,,,0,Transient,74.0,0,0,Check-Out,2015-11-09
Resort Hotel,0,172,2017,May,18,5,2,5,2,0.0,0,HB,FRA,Online TA,TA/TO,0,0,0,D,D,0,No Deposit,240.0,,0,Transient-Party,137.0,1,3,Check-Out,2017-05-12
City Hotel,0,29,2016,August,33,8,1,0,2,0.0,0,SC,FRA,Online TA,TA/TO,0,0,0,A,A,0,No Deposit,9.0,,0,Transient,139.0,0,1,Check-Out,2016-08-09
Resort Hotel,0,158,2017,July,29,16,2,2,2,0.0,0,BB,CN,Offline TA/TO,TA/TO,0,0,0,A,A,0,No Deposit,410.0,,0,Transient,118.0,0,0,Check-Out,2017-07-20
City Hotel,0,99,2017,May,18,1,2,5,2,0.0,0,BB,PRT,Online TA,TA/TO,0,0,0,A,A,0,No Deposit,9.0,,0,Transient,126.0,0,1,Check-Out,2017-05-08
City Hotel,0,55,2015,September,37,6,2,0,2,0.0,0,BB,FRA,Groups,TA/TO,0,0,0,A,B,0,No Deposit,1.0,,0,Transient-Party,75.0,0,0,Check-Out,2015-09-08
City Hotel,0,10,2016,November,47,18,1,2,2,0.0,0,BB,PRT,Online TA,TA/TO,0,0,0,A,A,0,No Deposit,9.0,,0,Transient,107.67,0,2,Check-Out,2016-11-21
Resort Hotel,1,304,2017,June,23,8,2,3,1,0.0,0,HB,PRT,Groups,TA/TO,0,0,0,A,A,0,Non Refund,298.0,,0,Transient,74.0,0,0,Canceled,2017-04-05
City Hotel,0,47,2017,May,20,15,1,2,2,0.0,0,HB,ITA,Offline TA/TO,TA/TO,0,0,0,A,A,0,No Deposit,455.0,,0,Transient-Party,164.0,0,1,Check-Out,2017-05-18
City Hotel,0,316,2016,May,22,26,0,3,2,0.0,0,BB,AUT,Groups,TA/TO,0,0,0,A,B,0,No Deposit,30.0,,0,Transient-Party,110.0,0,0,Check-Out,2016-05-29
City Hotel,1,105,2017,May,20,19,0,2,1,0.0,0,BB,PRT,Offline TA/TO,TA/TO,0,0,0,A,A,0,Non Refund,,,0,Transient,160.0,0,0,Canceled,2017-02-03
City Hotel,0,257,2015,July,27,1,0,2,2,0.0,0,HB,PRT,Offline TA/TO,TA/TO,0,0,0,A,A,0,No Deposit,6.0,,0,Transient,101.5,0,0,Check-Out,2015-07-03
City Hotel,0,37,2017,August,34,24,0,1,2,0.0,0,SC,FRA,Online TA,TA/TO,0,0,0,A,A,0,No Deposit,9.0,,0,Transient,119.0,0,1,Check-Out,2017-08-25
City Hotel,0,1,2015,October,40,1,0,1,2,0.0,0,BB,PRT,Online TA,TA/TO,0,0,0,A,A,0,No Deposit,9.0,,0,Transient,126.0,0,0,Check-Out,2015-10-02
Resort Hotel,0,7,2016,June,26,21,0,1,1,0.0,0,BB,PRT,Corporate,Corporate,0,1,2,A,A,0,No Deposit,,53.0,0,Transient,65.0,0,0,Check-Out,2016-06-22
City Hotel,1,99,2016,February,8,19,0,1,2,0.0,0,BB,PRT,Corporate,Corporate,0,1,0,A,A,0,No Deposit,,67.0,0,Transient-Party,80.0,0,0,Canceled,2015-12-22
City Hotel,0,9,2015,December,51,18,0,1,2,0.0,0,SC,PRT,Online TA,TA/TO,0,0,0,A,A,0,No Deposit,9.0,,0,Transient,85.0,0,1,Check-Out,2015-12-19
City Hotel,1,323,2015,September,36,5,1,1,2,0.0,0,BB,PRT,Groups,TA/TO,0,1,0,A,A,0,Non Refund,1.0,,0,Transient-Party,62.0,0,0,Canceled,2015-07-02
City Hotel,0,42,2015,November,47,16,1,4,2,0.0,0,BB,IRL,Online TA,TA/TO,0,0,0,A,D,0,No Deposit,9.0,,0,Contract,104.42,0,1,Check-Out,2015-11-21
Resort Hotel,0,31,2017,April,17,23,2,4,2,0.0,0,HB,DEU,Groups,TA/TO,0,0,0,A,A,0,No Deposit,298.0,,0,Transient-Party,93.0,0,0,Check-Out,2017-04-29
Resort Hotel,0,4,2016,March,13,20,2,1,2,0.0,0,BB,USA,Offline TA/TO,TA/TO,0,0,0,D,D,0,No Deposit,8.0,,0,Transient,43.0,1,0,Check-Out,2016-03-23
Resort Hotel,0,8,2015,December,49,5,2,5,1,0.0,0,HB,PRT,Offline TA/TO,TA/TO,0,0,0,A,D,0,No Deposit,6.0,,0,Transient,37.7,0,0,Check-Out,2015-12-12
City Hotel,0,13,2016,January,3,16,0,1,2,0.0,0,BB,FRA,Online TA,TA/TO,0,0,0,D,D,0,No Deposit,9.0,,0,Transient,97.0,0,1,Check-Out,2016-01-17
City Hotel,0,28,2017,July,30,25,1,5,3,0.0,0,BB,GBR,Online TA,TA/TO,0,0,0,D,D,0,No Deposit,9.0,,0,Transient,210.0,0,0,Check-Out,2017-07-31
City Hotel,1,18,2016,March,12,15,0,5,2,0.0,0,BB,PRT,Direct,Direct,0,0,0,E,E,0,No Deposit,,,0,Transient,128.8,0,0,Canceled,2016-03-02
City Hotel,0,105,2016,October,42,12,0,3,2,0.0,0,BB,PRT,Offline TA/TO,TA/TO,0,0,0,A,A,0,No Deposit,132.0,,0,Transient-Party,75.0,0,0,Check-Out,2016-10-15
City Hotel,1,112,2017,August,32,10,1,3,3,0.0,0,SC,DNK,Online TA,TA/TO,0,0,0,A,A,0,No Deposit,9.0,,0,Transient,125.0,0,0,Canceled,2017-05-08
Resort Hotel,0,1,2015,December,51,17,0,1,1,0.0,0,BB,PRT,Offline TA/TO,TA/TO,0,1,2,A,D,0,No Deposit,314.0,,0,Transient,26.0,0,0,Check-Out,2015-12-18
City Hotel,0,16,2015,September,39,25,2,3,1,0.0,0,BB,GBR,Groups,TA/TO,0,0,0,A,A,0,No Deposit,1.0,,0,Transient-Party,170.0,0,0,Check-Out,2015-09-30
Resort Hotel,0,232,2017,June,23,8,2,5,2,0.0,0,HB,FRA,Online TA,TA/TO,0,0,0,E,E,0,No Deposit,240.0,,0,Transient,156.8,1,1,Check-Out,2017-06-15
Resort Hotel,1,24,2016,October,43,21,0,1,2,0.0,0,BB,PRT,Corporate,Corporate,0,0,0,D,D,1,No Deposit,,,0,Transient-Party,60.0,0,1,Canceled,2016-10-11
City Hotel,0,56,2017,March,11,13,1,4,2,0.0,0,BB,FRA,Offline TA/TO,TA/TO,0,0,0,A,D,0,No Deposit,28.0,,0,Transient,75.0,0,0,Check-Out,2017-03-18
City Hotel,0,100,2016,May,21,19,1,3,2,0.0,0,BB,FRA,Online TA,TA/TO,0,0,0,A,A,0,No Deposit,9.0,,0,Transient-Party,136.0,0,1,Check-Out,2016-05-23
City Hotel,0,63,2017,August,35,31,0,3,3,0.0,0,BB,SWE,Online TA,TA/TO,0,0,0,D,D,0,No Deposit,9.0,,0,Transient-Party,195.33,0,2,Check-Out,2017-09-03
City Hotel,0,79,2016,September,36,3,2,5,2,0.0,0,BB,GBR,Offline TA/TO,TA/TO,0,0,0,A,A,2,No Deposit,86.0,,0,Transient-Party,95.0,0,0,Check-Out,2016-09-10
City Hotel,0,20,2016,December,53,31,1,1,2,0.0,0,BB,GBR,Online TA,TA/TO,0,0,0,F,F,1,No Deposit,9.0,,0,Transient,208.0,0,1,Check-Out,2017-01-02
Resort Hotel,1,22,2016,May,20,13,2,2,2,1.0,0,BB,PRT,Direct,Direct,0,0,0,F,F,0,No Deposit,250.0,,0,Transient,130.0,0,0,No-Show,2016-05-13
Resort Hotel,0,26,2017,April,14,3,1,3,1,0.0,0,BB,AUS,Corporate,Corporate,1,0,0,E,E,3,No Deposit,,281.0,0,Group,50.0,0,0,Check-Out,2017-04-07
Resort Hotel,1,74,2017,February,7,18,1,1,2,0.0,0,BB,PRT,Corporate,Corporate,0,0,0,A,A,0,No Deposit,,498.0,0,Transient-Party,40.0,0,0,Canceled,2017-02-01
Resort Hotel,0,0,2016,March,14,29,0,2,2,0.0,0,BB,SYR,Online TA,TA/TO,0,0,0,A,A,0,No Deposit,240.0,,0,Transient-Party,54.0,0,0,Check-Out,2016-03-31
City Hotel,1,14,2016,April,17,19,0,1,2,0.0,0,SC,ESP,Online TA,TA/TO,0,0,0,A,A,0,No Deposit,9.0,,0,Transient,89.0,0,0,Canceled,2016-04-08
City Hotel,0,151,2017,July,29,19,0,3,2,0.0,0,SC,GBR,Online TA,TA/TO,0,0,0,A,C,0,No Deposit,7.0,,0,Transient,71.28,0,1,Check-Out,2017-07-22
City Hotel,0,10,2015,December,53,31,0,2,2,0.0,0,BB,PRT,Offline TA/TO,TA/TO,0,0,0,A,A,0,No Deposit,39.0,,0,Transient,206.55,0,0,Check-Out,2016-01-02
City Hotel,0,0,2015,September,37,11,0,2,1,0.0,0,BB,FRA,Groups,Corporate,0,0,0,A,D,0,No Deposit,,,0,Transient,100.0,0,0,Check-Out,2015-09-13
City Hotel,0,141,2017,June,24,16,1,2,1,0.0,0,BB,DEU,Offline TA/TO,TA/TO,0,0,0,D,A,1,No Deposit,27.0,,0,Transient-Party,93.6,0,0,Check-Out,2017-06-19
City Hotel,0,77,2017,May,22,30,0,4,2,0.0,0,BB,SRB,Online TA,TA/TO,0,0,0,G,G,1,No Deposit,7.0,,0,Transient,220.4,0,1,Check-Out,2017-06-03
Resort Hotel,0,2,2016,April,17,22,0,2,2,0.0,0,BB,PRT,Direct,Direct,0,0,0,D,D,0,No Deposit,250.0,,0,Transient,91.0,1,0,Check-Out,2016-04-24
City Hotel,1,175,2017,July,30,28,0,2,1,0.0,0,BB,CHE,Online TA,TA/TO,0,0,0,A,A,0,No Deposit,9.0,,0,Transient,121.5,0,0,Canceled,2017-02-05
Resort Hotel,0,31,2016,December,53,30,0,2,2,0.0,0,HB,PRT,Groups,Direct,1,0,0,A,A,0,No Deposit,,,0,Transient-Party,305.0,0,1,Check-Out,2017-01-01
City Hotel,1,112,2017,April,15,15,1,1,2,0.0,0,BB,FRA,Online TA,TA/TO,0,0,0,D,D,0,No Deposit,9.0,,0,Transient,148.5,0,0,No-Show,2017-04-15
City Hotel,0,60,2016,November,47,14,1,1,2,0.0,0,BB,SWE,Online TA,TA/TO,0,0,0,A,A,0,No Deposit,9.0,,0,Transient,93.6,0,1,Check-Out,2016-11-16
City Hotel,0,12,2016,October,42,10,1,0,2,0.0,0,BB,PRT,Groups,Direct,0,0,0,A,A,0,No Deposit,,,0,Transient-Party,130.0,0,0,Check-Out,2016-10-11
City Hotel,1,59,2017,January,4,23,1,1,2,0.0,0,BB,PRT,Groups,TA/TO,0,0,0,A,A,0,Non Refund,326.0,,0,Transient,80.0,0,0,Canceled,2016-11-25
City Hotel,0,3,2016,July,31,24,1,0,2,0.0,0,BB,DEU,Online TA,TA/TO,0,0,0,A,A,0,No Deposit,9.0,,0,Transient,131.0,0,0,Check-Out,2016-07-25
City Hotel,1,165,2017,May,20,19,2,2,2,0.0,0,BB,PRT,Groups,TA/TO,0,0,0,A,A,0,Non Refund,,,0,Transient,225.0,0,0,Canceled,2017-01-12
City Hotel,0,0,2017,January,4,22,2,0,2,0.0,0,BB,PRT,Direct,Direct,0,0,0,A,A,1,No Deposit,,,0,Transient,88.0,0,0,Check-Out,2017-01-24
Resort Hotel,0,22,2017,April,14,6,0,3,2,0.0,0,BB,PRT,Direct,TA/TO,1,0,1,E,E,0,No Deposit,250.0,,0,Transient,120.0,0,2,Check-Out,2017-04-09
City Hotel,0,37,2016,February,7,13,0,1,2,0.0,0,BB,DEU,Online TA,TA/TO,0,0,0,B,B,0,No Deposit,9.0,,0,Transient-Party,69.53,0,0,Check-Out,2016-02-14
City Hotel,1,398,2016,August,33,11,0,2,2,0.0,0,BB,PRT,Groups,TA/TO,0,0,0,A,A,0,Non Refund,1.0,,0,Transient,62.0,0,0,Canceled,2015-10-21
City Hotel,0,122,2017,June,22,2,1,2,2,0.0,0,BB,DEU,Offline TA/TO,TA/TO,0,0,0,A,A,0,No Deposit,16.0,,0,Transient,99.0,0,1,Check-Out,2017-06-05
City Hotel,1,52,2017,March,11,13,1,1,1,0.0,0,BB,PRT,Offline TA/TO,TA/TO,0,0,0,A,A,0,Non Refund,56.0,,0,Transient,80.0,0,0,Canceled,2017-01-20
Resort Hotel,0,192,2017,May,20,18,4,10,2,0.0,0,BB,GBR,Offline TA/TO,TA/TO,0,0,0,D,D,0,No Deposit,40.0,,0,Contract,70.4,0,0,Check-Out,2017-06-01
City Hotel,0,42,2016,March,13,24,1,3,2,0.0,0,BB,DEU,Online TA,TA/TO,0,0,0,A,A,0,No Deposit,9.0,,0,Transient,118.16,0,0,Check-Out,2016-03-28
Resort Hotel,1,42,2017,May,22,30,0,2,2,0.0,0,BB,PRT,Online TA,TA/TO,0,0,0,D,D,0,No Deposit,468.0,,0,Transient,86.1,0,0,Canceled,2017-04-18
City Hotel,0,215,2016,November,48,21,1,2,1,0.0,0,BB,MKD,Groups,Corporate,0,0,0,A,A,0,No Deposit,,233.0,0,Transient,75.0,0,0,Check-Out,2016-11-24
City Hotel,0,118,2017,April,17,29,2,1,2,0.0,0,BB,ITA,Online TA,TA/TO,0,0,0,D,D,0,No Deposit,9.0,,0,Transient,133.5,0,0,Check-Out,2017-05-02
City Hotel,0,27,2016,October,43,19,0,3,2,0.0,0,BB,FRA,Offline TA/TO,TA/TO,0,0,0,A,D,0,No Deposit,28.0,,0,Transient,85.0,0,0,Check-Out,2016-10-22
City Hotel,1,154,2017,April,16,17,1,3,2,1.0,0,BB,PRT,Online TA,TA/TO,0,0,0,A,A,0,No Deposit,7.0,,0,Transient,134.5,0,0,Canceled,2016-11-14
City Hotel,0,21,2015,August,36,31,3,5,2,0.0,0,BB,DEU,Online TA,TA/TO,0,0,0,A,A,0,No Deposit,9.0,,0,Transient,103.13,0,0,Check-Out,2015-09-08
City Hotel,0,91,2017,April,16,20,2,3,2,0.0,0,BB,AUT,Online TA,TA/TO,0,0,0,D,D,0,No Deposit,9.0,,0,Transient,135.0,0,0,Check-Out,2017-04-25
Resort Hotel,0,0,2017,January,2,11,0,1,1,0.0,0,BB,PRT,Corporate,Corporate,1,1,23,A,D,0,No Deposit,88.0,,0,Transient,35.0,0,0,Check-Out,2017-01-12
City Hotel,0,7,2016,March,13,23,0,3,2,0.0,0,BB,ESP,Online TA,TA/TO,0,0,0,D,D,0,No Deposit,9.0,,0,Transient,148.0,0,0,Check-Out,2016-03-26
Resort Hotel,0,0,2017,August,32,6,1,0,2,0.0,0,BB,GBR,Direct,TA/TO,1,0,0,A,A,0,No Deposit,,,0,Transient,185.0,0,0,Check-Out,2017-08-07
City Hotel,0,4,2017,June,23,10,0,1,2,0.0,0,BB,DEU,Online TA,TA/TO,0,0,0,D,D,0,No Deposit,9.0,,0,Transient,190.0,0,1,Check-Out,2017-06-11
Resort Hotel,0,27,2017,July,28,14,2,2,2,0.0,0,BB,GBR,Online TA,TA/TO,0,0,0,A,A,0,No Deposit,240.0,,0,Transient,164.25,0,1,Check-Out,2017-07-18
City Hotel,1,10,2015,August,34,17,1,3,2,0.0,0,BB,PRT,Online TA,TA/TO,0,0,0,A,A,0,No Deposit,9.0,,0,Transient,99.0,0,1,Canceled,2015-08-13
City Hotel,0,1,2016,May,21,21,0,1,2,0.0,0,BB,FRA,Online TA,TA/TO,0,0,0,D,D,0,No Deposit,9.0,,0,Transient,176.0,0,0,Check-Out,2016-05-22
City Hotel,1,40,2015,October,43,19,1,3,1,0.0,0,BB,PRT,Offline TA/TO,TA/TO,0,0,0,A,A,0,No Deposit,83.0,,0,Contract,75.6,0,0,Canceled,2015-10-14
City Hotel,0,19,2016,January,5,29,1,2,2,0.0,1,BB,BRA,Online TA,TA/TO,0,0,0,A,A,1,No Deposit,9.0,,0,Transient,89.3,0,2,Check-Out,2016-02-01
Resort Hotel,0,5,2016,April,18,27,0,3,2,0.0,0,BB,PRT,Direct,Direct,0,0,0,D,D,0,No Deposit,,,0,Transient,86.0,1,0,Check-Out,2016-04-30
City Hotel,0,104,2016,May,23,29,2,1,2,0.0,0,BB,DEU,Direct,Direct,0,0,0,A,A,0,No Deposit,14.0,,0,Transient-Party,125.1,0,0,Check-Out,2016-06-01
City Hotel,0,1,2016,April,15,5,0,2,1,0.0,0,BB,PRT,Corporate,Corporate,1,0,7,A,A,0,No Deposit,,40.0,0,Transient,65.0,0,1,Check-Out,2016-04-07
City Hotel,0,2,2016,August,35,21,2,0,2,0.0,0,BB,ZAF,Online TA,TA/TO,0,0,0,A,A,0,No Deposit,9.0,,0,Transient,148.0,0,1,Check-Out,2016-08-23
City Hotel,0,145,2017,April,15,14,1,2,2,2.0,0,BB,JPN,Online TA,TA/TO,0,0,0,F,F,0,No Deposit,9.0,,0,Transient,195.0,0,0,Check-Out,2017-04-17
City Hotel,1,87,2015,September,37,11,0,2,2,0.0,0,BB,FRA,Groups,Corporate,0,0,0,A,D,0,Non Refund,,,0,Transient,100.0,0,0,Canceled,2015-09-10
City Hotel,0,0,2016,February,8,18,0,1,2,1.0,0,BB,CHL,Online TA,TA/TO,0,0,0,A,D,1,No Deposit,9.0,,0,Transient-Party,109.0,0,0,Check-Out,2016-02-19
City Hotel,1,10,2016,January,3,15,8,22,2,0.0,0,SC,PRT,Online TA,TA/TO,0,0,0,A,A,0,No Deposit,9.0,,0,Transient,72.97,0,1,Canceled,2016-01-12
Resort Hotel,0,42,2015,September,39,23,2,5,2,0.0,0,BB,ITA,Direct,Direct,0,0,0,A,C,0,No Deposit,250.0,,0,Transient,89.0,0,0,Check-Out,2015-09-30
City Hotel,1,98,2015,November,48,23,1,2,1,0.0,0,FB,PRT,Groups,TA/TO,0,0,0,A,A,0,No Deposit,37.0,,0,Transient-Party,84.0,0,0,Canceled,2015-09-14
City Hotel,0,210,2017,May,18,1,1,3,2,0.0,0,BB,DEU,Online TA,TA/TO,0,0,0,A,A,0,No Deposit,9.0,,0,Transient,117.0,0,2,Check-Out,2017-05-05
Resort Hotel,1,13,2017,June,24,15,0,1,1,0.0,0,BB,PRT,Offline TA/TO,TA/TO,0,0,0,A,A,0,No Deposit,420.0,,0,Transient-Party,95.0,0,0,Canceled,2017-06-08
City Hotel,0,22,2015,October,41,9,0,1,2,0.0,0,BB,USA,Online TA,TA/TO,0,0,0,A,A,0,No Deposit,7.0,,0,Transient,82.39,0,2,Check-Out,2015-10-10
City Hotel,1,281,2017,June,26,26,1,2,2,0.0,0,BB,GBR,Online TA,TA/TO,0,0,0,A,A,0,No Deposit,9.0,,0,Transient,117.0,0,1,Canceled,2017-02-28
Resort Hotel,1,145,2016,May,22,28,2,4,2,0.0,0,BB,PRT,Offline TA/TO,TA/TO,0,0,0,A,A,0,No Deposit,147.0,,0,Transient-Party,59.3,0,1,Canceled,2016-01-05
City Hotel,0,0,2015,December,51,19,2,2,2,0.0,0,BB,BRA,Direct,Direct,0,0,0,B,B,1,No Deposit,,,0,Transient-Party,87.0,0,1,Check-Out,2015-12-23
City Hotel,1,250,2016,October,43,20,0,3,2,0.0,0,BB,ITA,Online TA,TA/TO,0,0,0,A,A,0,No Deposit,9.0,,0,Transient,96.3,0,0,Canceled,2016-07-19
Resort Hotel,0,143,2016,June,23,4,2,5,2,0.0,0,HB,GBR,Offline TA/TO,TA/TO,0,0,0,E,E,2,No Deposit,143.0,,0,Transient,98.6,0,3,Check-Out,2016-06-11
City Hotel,0,128,2017,May,20,19,0,1,2,0.0,0,BB,ITA,Online TA,TA/TO,0,0,0,A,A,0,No Deposit,9.0,,0,Transient,126.0,0,1,Check-Out,2017-05-20
Resort Hotel,0,130,2017,July,28,9,2,0,1,0.0,0,BB,PRT,Online TA,TA/TO,0,0,0,E,E,0,No Deposit,242.0,,0,Transient-Party,178.0,0,1,Check-Out,2017-07-11
Resort Hotel,0,113,2016,April,18,28,2,5,2,0.0,0,HB,GBR,Offline TA/TO,TA/TO,0,0,0,E,E,0,No Deposit,40.0,,0,Contract,86.38,0,0,Check-Out,2016-05-05
City Hotel,1,223,2017,August,31,5,2,1,2,0.0,0,HB,RUS,Online TA,TA/TO,0,0,0,A,A,0,No Deposit,9.0,,0,Transient,166.5,0,1,Canceled,2017-04-22
Resort Hotel,0,80,2016,December,49,2,0,2,2,0.0,0,BB,IRL,Groups,TA/TO,0,0,0,D,D,0,No Deposit,253.0,,0,Transient-Party,51.8,0,1,Check-Out,2016-12-04
Resort Hotel,0,151,2015,August,32,4,2,8,2,0.0,0,HB,,Direct,Direct,0,0,0,A,A,2,No Deposit,,,0,Transient,147.0,0,1,Check-Out,2015-08-14
City Hotel,0,264,2015,July,28,8,0,2,1,0.0,0,BB,PRT,Groups,TA/TO,0,0,0,A,A,0,No Deposit,1.0,,0,Transient-Party,0.0,0,0,Check-Out,2015-07-10
City Hotel,1,35,2017,February,6,10,4,10,1,0.0,0,SC,GBR,Online TA,TA/TO,0,0,0,A,A,1,No Deposit,9.0,,0,Transient,70.43,0,1,Canceled,2017-02-02
City Hotel,1,5,2016,March,11,8,0,3,2,0.0,0,BB,NLD,Online TA,TA/TO,0,0,0,A,A,0,No Deposit,9.0,,0,Transient,101.0,0,0,Canceled,2016-03-04
City Hotel,1,315,2016,September,40,30,1,2,2,0.0,0,HB,PRT,Offline TA/TO,TA/TO,0,0,0,A,A,0,Non Refund,31.0,,69,Transient,160.0,0,0,Canceled,2016-01-28
City Hotel,0,0,2015,November,45,5,0,1,1,0.0,0,BB,PRT,Corporate,Corporate,0,0,0,A,A,0,No Deposit,,135.0,0,Transient,89.0,0,0,Check-Out,2015-11-06
